cik,ticker,name,segment,period_end,cal_qtr,revenue,operating_income,revenue_inr,operating_income_inr,inr_per_usd,source_file
NSE:BSOFT,BSOFT,Birlasoft Ltd,IT consulting & application services,2018-03-31,2018Q1,150107638.0,13076048.0,9664320000.0,841870000.0,64.3826,INDAS_35610_11125_24052018035318_WEB_2.xml
NSE:BSOFT,BSOFT,Birlasoft Ltd,IT consulting & application services,2018-06-30,2018Q2,151321436.0,14295714.0,10138400000.0,957800000.0,66.9991,INDAS_37254_29285_26072018011951_WEB.xml
NSE:BSOFT,BSOFT,Birlasoft Ltd,IT consulting & application services,2018-09-30,2018Q3,153871793.0,15661601.0,10788690000.0,1098110000.0,70.1148,INDAS_39461_54800_25102018113448_WEB.xml
NSE:BSOFT,BSOFT,Birlasoft Ltd,IT consulting & application services,2018-12-31,2018Q4,78144698.0,7612681.0,5636960000.0,549140000.0,72.1349,INDAS_41511_72734_16012019120215_WEB.xml
NSE:BSOFT,BSOFT,Birlasoft Ltd,IT consulting & application services,2019-03-31,2019Q1,111945536.0,9471847.0,7882880000.0,666980000.0,70.4171,INDAS_44783_104274_24052019083951_WEB.xml
NSE:BSOFT,BSOFT,Birlasoft Ltd,IT consulting & application services,2019-06-30,2019Q2,111777760.0,8127691.0,7771930000.0,565120000.0,69.5302,INDAS_46871_128587_07082019060307_WEB.xml
NSE:BSOFT,BSOFT,Birlasoft Ltd,IT consulting & application services,2019-09-30,2019Q3,109883924.0,9244583.0,7734180000.0,650680000.0,70.385,INDAS_49512_162215_08112019033250_WEB.xml
NSE:BSOFT,BSOFT,Birlasoft Ltd,IT consulting & application services,2019-12-31,2019Q4,117022059.0,12269336.0,8332860000.0,873670000.0,71.2076,INDAS_52125_213530_31012020055044_WEB.xml
NSE:BSOFT,BSOFT,Birlasoft Ltd,IT consulting & application services,2020-03-31,2020Q1,125086119.0,13150100.0,9070720000.0,953590000.0,72.5158,INDAS_55238_260001_20052020090630_WEB.xml
NSE:BSOFT,BSOFT,Birlasoft Ltd,IT consulting & application services,2020-06-30,2020Q2,120583571.0,12051633.0,9146300000.0,914120000.0,75.8503,INDAS_59400_302886_05082020052400_WEB.xml
NSE:BSOFT,BSOFT,Birlasoft Ltd,IT consulting & application services,2020-09-30,2020Q3,115329449.0,13268477.0,8574560000.0,986490000.0,74.3484,INDAS_63212_355207_05112020083109_WEB.xml
NSE:BSOFT,BSOFT,Birlasoft Ltd,IT consulting & application services,2020-12-31,2020Q4,119372681.0,16833234.0,8807770000.0,1242020000.0,73.7838,INDAS_67332_403334_06022021043827_WEB.xml
NSE:BSOFT,BSOFT,Birlasoft Ltd,IT consulting & application services,2021-03-31,2021Q1,123844790.0,18462929.0,9028570000.0,1345990000.0,72.9023,INDAS_70219_449952_21052021072005_WEB.xml
NSE:BSOFT,BSOFT,Birlasoft Ltd,IT consulting & application services,2021-06-30,2021Q2,128116983.0,17973228.0,9453150000.0,1326160000.0,73.7853,INDAS_73550_496722_28072021062124_WEB.xml
NSE:BSOFT,BSOFT,Birlasoft Ltd,IT consulting & application services,2021-09-30,2021Q3,136535487.0,17852545.0,10116870000.0,1322820000.0,74.097,INDAS_76798_546497_27102021092643_WEB.xml
NSE:BSOFT,BSOFT,Birlasoft Ltd,IT consulting & application services,2021-12-31,2021Q4,143038664.0,19216234.0,10719060000.0,1440030000.0,74.9382,INDAS_80591_599622_28012022092842_WEB.xml
NSE:BSOFT,BSOFT,Birlasoft Ltd,IT consulting & application services,2022-03-31,2022Q1,146388927.0,20543907.0,11014420000.0,1545740000.0,75.2408,INDAS_85132_659033_24052022114934_WEB.xml
NSE:BSOFT,BSOFT,Birlasoft Ltd,IT consulting & application services,2022-06-30,2022Q2,149564100.0,19453625.0,11544120000.0,1501530000.0,77.1851,INDAS_627228_2782_04082022113319_WEB.xml
NSE:BSOFT,BSOFT,Birlasoft Ltd,IT consulting & application services,2022-09-30,2022Q3,149423715.0,19514454.0,11920770000.0,1556830000.0,79.7783,INDAS_789376_5123_22102022100840_WEB.xml
NSE:BSOFT,BSOFT,Birlasoft Ltd,IT consulting & application services,2022-12-31,2022Q4,148732075.0,-1659812.0,12218920000.0,-136360000.0,82.1539,INDAS_88405_784197_02022023063642_WEB.xml
NSE:BSOFT,BSOFT,Birlasoft Ltd,IT consulting & application services,2023-03-31,2023Q1,149197435.0,17761773.0,12263880000.0,1460000000.0,82.199,INDAS_91388_839372_09052023021609.xml
NSE:BSOFT,BSOFT,Birlasoft Ltd,IT consulting & application services,2023-06-30,2023Q2,153679733.0,20901070.0,12627710000.0,1717420000.0,82.169,INDAS_94712_901832_27072023062753.xml
NSE:BSOFT,BSOFT,Birlasoft Ltd,IT consulting & application services,2023-09-30,2023Q3,158415764.0,22451712.0,13098750000.0,1856440000.0,82.6859,INDAS_98382_973066_01112023010857.xml
NSE:BSOFT,BSOFT,Birlasoft Ltd,IT consulting & application services,2023-12-31,2023Q4,161325318.0,23212233.0,13429510000.0,1932300000.0,83.2449,INDAS_101459_1035335_24012024071734.xml
NSE:BSOFT,BSOFT,Birlasoft Ltd,IT consulting & application services,2024-03-31,2024Q1,164106060.0,24157849.0,13625480000.0,2005790000.0,83.0285,INDAS_104945_1111183_29042024071508.xml
NSE:BSOFT,BSOFT,Birlasoft Ltd,IT consulting & application services,2024-06-30,2024Q2,159140536.0,20922643.0,13274310000.0,1745210000.0,83.4125,INDAS_109945_1207940_31072024050430.xml
NSE:BSOFT,BSOFT,Birlasoft Ltd,IT consulting & application services,2024-09-30,2024Q3,163361002.0,17087621.0,13682170000.0,1431160000.0,83.7542,INDAS_113158_1286685_24102024105440.xml
NSE:BSOFT,BSOFT,Birlasoft Ltd,IT consulting & application services,2024-12-31,2024Q4,161396891.0,16836903.0,13627030000.0,1421570000.0,84.4318,INDAS_119758_1378950_11022025105543.xml
NSE:BSOFT,BSOFT,Birlasoft Ltd,IT consulting & application services,2025-03-31,2025Q1,152061902.0,17544725.0,13168880000.0,1519410000.0,86.6021,INTEGRATED_FILING_INDAS_1456205_29052025110009_WEB.xml
NSE:BSOFT,BSOFT,Birlasoft Ltd,IT consulting & application services,2025-06-30,2025Q2,150172098.0,16132686.0,12848980000.0,1380340000.0,85.5617,INTEGRATED_FILING_INDAS_1506193_07082025090915_WEB.xml
NSE:BSOFT,BSOFT,Birlasoft Ltd,IT consulting & application services,2025-09-30,2025Q3,152160516.0,22108968.0,13289030000.0,1930900000.0,87.3356,INTEGRATED_FILING_INDAS_1567422_06112025085228_WEB.xml
NSE:BSOFT,BSOFT,Birlasoft Ltd,IT consulting & application services,2025-12-31,2025Q4,151241215.0,20655187.0,13475320000.0,1840340000.0,89.0982,INTEGRATED_FILING_INDAS_1612331_28012026085016_WEB.xml
NSE:BSOFT,BSOFT,Birlasoft Ltd,IT consulting & application services,2026-03-31,2026Q1,147318902.0,25110930.0,13486250000.0,2298770000.0,91.5446,INTEGRATED_FILING_INDAS_1664302_06052026112838_WEB.xml
NSE:BSOFT,BSOFT,Birlasoft Ltd,IT consulting & application services,2026-06-30,2026Q2,145774390.0,21499830.0,13793960000.0,2034430000.0,94.6254,INTEGRATED_FILING_INDAS_1703165_28072026052912_WEB.xml
NSE:COFORGE,COFORGE,Coforge Ltd,IT consulting & application services,2018-03-31,2018Q1,122517575.0,17784308.0,7888000000.0,1145000000.0,64.3826,INDAS_34879_8442_04052018082603_WEB_2.xml
NSE:COFORGE,COFORGE,Coforge Ltd,IT consulting & application services,2018-09-30,2018Q3,129416329.0,18854792.0,9074000000.0,1322000000.0,70.1148,INDAS_39335_51944_17102018023506_WEB_2.xml
NSE:COFORGE,COFORGE,Coforge Ltd,IT consulting & application services,2018-12-31,2018Q4,134705947.0,20794373.0,9717000000.0,1500000000.0,72.1349,INDAS_41578_74698_18012019035035_WEB_2.xml
NSE:COFORGE,COFORGE,Coforge Ltd,IT consulting & application services,2019-03-31,2019Q1,138063056.0,19256686.0,9722000000.0,1356000000.0,70.4171,INDAS_43817_100539_04052019062944_WEB_2.xml
NSE:COFORGE,COFORGE,Coforge Ltd,IT consulting & application services,2019-09-30,2019Q3,147545642.0,20870924.0,10385000000.0,1469000000.0,70.385,INDAS_48819_157235_23102019063839_WEB.xml
NSE:COFORGE,COFORGE,Coforge Ltd,IT consulting & application services,2019-12-31,2019Q4,150742336.0,21051124.0,10734000000.0,1499000000.0,71.2076,INDAS_51863_212209_29012020033301_WEB.xml
NSE:COFORGE,COFORGE,Coforge Ltd,IT consulting & application services,2020-03-31,2020Q1,152973559.0,19623310.0,11093000000.0,1423000000.0,72.5158,INDAS_54999_248889_06052020045115_WEB.xml
NSE:COFORGE,COFORGE,Coforge Ltd,IT consulting & application services,2020-06-30,2020Q2,139353437.0,13843057.0,10570000000.0,1050000000.0,75.8503,INDAS_58418_298246_28072020080308_WEB.xml
NSE:COFORGE,COFORGE,Coforge Ltd,IT consulting & application services,2020-09-30,2020Q3,155174826.0,20524988.0,11537000000.0,1526000000.0,74.3484,INDAS_62372_350248_23102020083934_WEB.xml
NSE:COFORGE,COFORGE,Coforge Ltd,IT consulting & application services,2020-12-31,2020Q4,161363334.0,21061534.0,11906000000.0,1554000000.0,73.7838,INDAS_66472_399199_28012021062534_WEB.xml
NSE:COFORGE,COFORGE,Coforge Ltd,IT consulting & application services,2021-03-31,2021Q1,173039808.0,22619314.0,12615000000.0,1649000000.0,72.9023,INDAS_69722_446225_06052021074636_WEB.xml
NSE:COFORGE,COFORGE,Coforge Ltd,IT consulting & application services,2021-06-30,2021Q2,198088237.0,21549008.0,14616000000.0,1590000000.0,73.7853,INDAS_73553_496751_28072021064029_WEB.xml
NSE:COFORGE,COFORGE,Coforge Ltd,IT consulting & application services,2021-09-30,2021Q3,211803447.0,29002524.0,15694000000.0,2149000000.0,74.097,INDAS_76729_545908_26102021121006_WEB.xml
NSE:COFORGE,COFORGE,Coforge Ltd,IT consulting & application services,2021-12-31,2021Q4,221262320.0,32920460.0,16581000000.0,2467000000.0,74.9382,INDAS_80625_599828_28012022015321_WEB.xml
NSE:COFORGE,COFORGE,Coforge Ltd,IT consulting & application services,2022-03-31,2022Q1,231642938.0,33771571.0,17429000000.0,2541000000.0,75.2408,INDAS_84309_653490_12052022040711_WEB.xml
NSE:COFORGE,COFORGE,Coforge Ltd,IT consulting & application services,2022-06-30,2022Q2,237014657.0,29228439.0,18294000000.0,2256000000.0,77.1851,INDAS_604487_2904_26072022135046_WEB.xml
NSE:COFORGE,COFORGE,Coforge Ltd,IT consulting & application services,2022-09-30,2022Q3,245605635.0,34558270.0,19594000000.0,2757000000.0,79.7783,INDAS_783729_5245_21102022112701_WEB.xml
NSE:COFORGE,COFORGE,Coforge Ltd,IT consulting & application services,2022-12-31,2022Q4,250237664.0,36163834.0,20558000000.0,2971000000.0,82.1539,INDAS_87570_775256_20012023042042_WEB.xml
NSE:COFORGE,COFORGE,Coforge Ltd,IT consulting & application services,2023-03-31,2023Q1,263993479.0,20864001.0,21700000000.0,1715000000.0,82.199,INDAS_90887_833683_27042023024513.xml
NSE:COFORGE,COFORGE,Coforge Ltd,IT consulting & application services,2023-06-30,2023Q2,270296584.0,28027602.0,22210000000.0,2303000000.0,82.169,INDAS_94306_895525_20072023055702.xml
NSE:COFORGE,COFORGE,Coforge Ltd,IT consulting & application services,2023-09-30,2023Q3,275282727.0,31891774.0,22762000000.0,2637000000.0,82.6859,INDAS_97692_960108_19102023031755.xml
NSE:COFORGE,COFORGE,Coforge Ltd,IT consulting & application services,2023-12-31,2023Q4,279092173.0,37720028.0,23233000000.0,3140000000.0,83.2449,INDAS_101315_1033813_23012024042356.xml
NSE:COFORGE,COFORGE,Coforge Ltd,IT consulting & application services,2024-03-31,2024Q1,284059088.0,37661767.0,23585000000.0,3127000000.0,83.0285,INDAS_105165_1113929_02052024063206.xml
NSE:COFORGE,COFORGE,Coforge Ltd,IT consulting & application services,2024-06-30,2024Q2,287822569.0,25391878.0,24008000000.0,2118000000.0,83.4125,INDAS_109275_1199654_23072024124300.xml
NSE:COFORGE,COFORGE,Coforge Ltd,IT consulting & application services,2024-09-30,2024Q3,365629425.0,34338576.0,30623000000.0,2876000000.0,83.7542,INDAS_113078_1285763_23102024023646.xml
NSE:COFORGE,COFORGE,Coforge Ltd,IT consulting & application services,2024-12-31,2024Q4,393003584.0,37450345.0,33182000000.0,3162000000.0,84.4318,INDAS_117559_1359616_23012025064350.xml
NSE:COFORGE,COFORGE,Coforge Ltd,IT consulting & application services,2025-03-31,2025Q1,393743339.0,46373009.0,34099000000.0,4016000000.0,86.6021,INTEGRATED_FILING_INDAS_1431832_05052025073742_WEB.xml
NSE:COFORGE,COFORGE,Coforge Ltd,IT consulting & application services,2025-06-30,2025Q2,431104104.0,45931766.0,36886000000.0,3930000000.0,85.5617,INTEGRATED_FILING_INDAS_1495015_28072025031120_WEB.xml
NSE:COFORGE,COFORGE,Coforge Ltd,IT consulting & application services,2025-09-30,2025Q3,456366018.0,64189174.0,39857000000.0,5606000000.0,87.3356,INTEGRATED_FILING_INDAS_1556407_24102025052227_WEB.xml
NSE:COFORGE,COFORGE,Coforge Ltd,IT consulting & application services,2025-12-31,2025Q4,470054389.0,46218667.0,41881000000.0,4118000000.0,89.0982,INTEGRATED_FILING_INDAS_1608772_22012026114610_WEB.xml
NSE:COFORGE,COFORGE,Coforge Ltd,IT consulting & application services,2026-03-31,2026Q1,486145551.0,70228064.0,44504000000.0,6429000000.0,91.5446,INTEGRATED_FILING_INDAS_1663900_05052026095708_WEB.xml
NSE:COFORGE,COFORGE,Coforge Ltd,IT consulting & application services,2026-06-30,2026Q2,584166619.0,80517493.0,55277000000.0,7619000000.0,94.6254,INTEGRATED_FILING_INDAS_1702582_28072026013714_WEB.xml
NSE:CYIENT,CYIENT,Cyient Ltd,Engineering & R&D services,2018-09-30,2018Q3,169279524.0,18911842.0,11869000000.0,1326000000.0,70.1148,INDAS_39342_52331_17102018070711_WEB.xml
NSE:CYIENT,CYIENT,Cyient Ltd,Engineering & R&D services,2018-12-31,2018Q4,164649844.0,20267582.0,11877000000.0,1462000000.0,72.1349,INDAS_41579_74811_18012019044359_WEB_2.xml
NSE:CYIENT,CYIENT,Cyient Ltd,Engineering & R&D services,2019-03-31,2019Q1,165144546.0,19455502.0,11629000000.0,1370000000.0,70.4171,INDAS_43649_99482_26042019052752_WEB_2.xml
NSE:CYIENT,CYIENT,Cyient Ltd,Engineering & R&D services,2019-09-30,2019Q3,164651559.0,15855651.0,11589000000.0,1116000000.0,70.385,INDAS_48621_152398_17102019054357_WEB_2.xml
NSE:CYIENT,CYIENT,Cyient Ltd,Engineering & R&D services,2019-12-31,2019Q4,155306456.0,14787747.0,11059000000.0,1053000000.0,71.2076,INDAS_51489_204364_17012020015738_WEB.xml
NSE:CYIENT,CYIENT,Cyient Ltd,Engineering & R&D services,2020-03-31,2020Q1,148050494.0,6260705.0,10736000000.0,454000000.0,72.5158,INDAS_55035_250262_08052020030852_WEB.xml
NSE:CYIENT,CYIENT,Cyient Ltd,Engineering & R&D services,2020-06-30,2020Q2,130744374.0,6618299.0,9917000000.0,502000000.0,75.8503,INDAS_57889_289156_17072020011633_WEB.xml
NSE:CYIENT,CYIENT,Cyient Ltd,Engineering & R&D services,2020-09-30,2020Q3,134945742.0,14768307.0,10033000000.0,1098000000.0,74.3484,INDAS_62121_343085_16102020041725_WEB.xml
NSE:CYIENT,CYIENT,Cyient Ltd,Engineering & R&D services,2020-12-31,2020Q4,141535134.0,15586077.0,10443000000.0,1150000000.0,73.7838,INDAS_66197_397343_22012021124826_WEB.xml
NSE:CYIENT,CYIENT,Cyient Ltd,Engineering & R&D services,2021-03-31,2021Q1,149940400.0,14471423.0,10931000000.0,1055000000.0,72.9023,INDAS_69412_443118_23042021024843_WEB.xml
NSE:CYIENT,CYIENT,Cyient Ltd,Engineering & R&D services,2021-06-30,2021Q2,143416100.0,18621595.0,10582000000.0,1374000000.0,73.7853,INDAS_73068_487061_16072021031032_WEB.xml
NSE:CYIENT,CYIENT,Cyient Ltd,Engineering & R&D services,2021-09-30,2021Q3,150019569.0,20986005.0,11116000000.0,1555000000.0,74.097,INDAS_76396_534038_15102021040827_WEB.xml
NSE:CYIENT,CYIENT,Cyient Ltd,Engineering & R&D services,2021-12-31,2021Q4,157916790.0,21777945.0,11834000000.0,1632000000.0,74.9382,INDAS_80258_596460_21012022114912_WEB.xml
NSE:CYIENT,CYIENT,Cyient Ltd,Engineering & R&D services,2022-03-31,2022Q1,156989293.0,22527671.0,11812000000.0,1695000000.0,75.2408,INDAS_83572_647074_22042022025702_WEB.xml
NSE:CYIENT,CYIENT,Cyient Ltd,Engineering & R&D services,2022-06-30,2022Q2,161961311.0,18410289.0,12501000000.0,1421000000.0,77.1851,INDAS_597510_2762_22072022104339_WEB.xml
NSE:CYIENT,CYIENT,Cyient Ltd,Engineering & R&D services,2022-09-30,2022Q3,175009996.0,15041684.0,13962000000.0,1200000000.0,79.7783,INDAS_763779_5103_14102022165744_WEB.xml
NSE:CYIENT,CYIENT,Cyient Ltd,Engineering & R&D services,2022-12-31,2022Q4,196971781.0,24892306.0,16182000000.0,2045000000.0,82.1539,INDAS_87419_765059_13012023123442_WEB.xml
NSE:CYIENT,CYIENT,Cyient Ltd,Engineering & R&D services,2023-03-31,2023Q1,213068286.0,28370175.0,17514000000.0,2332000000.0,82.199,INDAS_90764_830269_21042023031248.xml
NSE:CYIENT,CYIENT,Cyient Ltd,Engineering & R&D services,2023-06-30,2023Q2,205247721.0,28830824.0,16865000000.0,2369000000.0,82.169,INDAS_94552_900355_26072023014409.xml
NSE:CYIENT,CYIENT,Cyient Ltd,Engineering & R&D services,2023-09-30,2023Q3,215091086.0,30694471.0,17785000000.0,2538000000.0,82.6859,INDAS_97706_961013_19102023055124.xml
NSE:CYIENT,CYIENT,Cyient Ltd,Engineering & R&D services,2023-12-31,2023Q4,218800191.0,25190732.0,18214000000.0,2097000000.0,83.2449,INDAS_101592_1036848_26012024111722.xml
NSE:CYIENT,CYIENT,Cyient Ltd,Engineering & R&D services,2024-03-31,2024Q1,224115816.0,32290117.0,18608000000.0,2681000000.0,83.0285,INDAS_104757_1108891_26042024020613.xml
NSE:CYIENT,CYIENT,Cyient Ltd,Engineering & R&D services,2024-06-30,2024Q2,200893152.0,23881313.0,16757000000.0,1992000000.0,83.4125,INDAS_109505_1202823_25072024073111.xml
NSE:CYIENT,CYIENT,Cyient Ltd,Engineering & R&D services,2024-09-30,2024Q3,220776988.0,27544887.0,18491000000.0,2307000000.0,83.7542,INDAS_113329_1288454_25102024042601.xml
NSE:CYIENT,CYIENT,Cyient Ltd,Engineering & R&D services,2024-12-31,2024Q4,228160480.0,25037960.0,19264000000.0,2114000000.0,84.4318,INDAS_117572_1359724_23012025074029.xml
NSE:CYIENT,CYIENT,Cyient Ltd,Engineering & R&D services,2025-03-31,2025Q1,220456548.0,27112507.0,19092000000.0,2348000000.0,86.6021,INTEGRATED_FILING_INDAS_1424252_24042025075339_WEB.xml
NSE:CYIENT,CYIENT,Cyient Ltd,Engineering & R&D services,2025-06-30,2025Q2,200066151.0,19015517.0,17118000000.0,1627000000.0,85.5617,INTEGRATED_FILING_INDAS_1492385_24072025045918_WEB.xml
NSE:CYIENT,CYIENT,Cyient Ltd,Engineering & R&D services,2025-09-30,2025Q3,203926005.0,19155991.0,17810000000.0,1673000000.0,87.3356,INTEGRATED_FILING_INDAS_1550855_16102025070102_WEB.xml
NSE:CYIENT,CYIENT,Cyient Ltd,Engineering & R&D services,2025-12-31,2025Q4,207467715.0,14007017.0,18485000000.0,1248000000.0,89.0982,INTEGRATED_FILING_INDAS_1608308_22012026045536_WEB.xml
NSE:CYIENT,CYIENT,Cyient Ltd,Engineering & R&D services,2026-03-31,2026Q1,210487566.0,9241397.0,19269000000.0,846000000.0,91.5446,INTEGRATED_FILING_INDAS_1657959_23042026071516_WEB.xml
NSE:CYIENT,CYIENT,Cyient Ltd,Engineering & R&D services,2026-06-30,2026Q2,219359707.0,19772704.0,20757000000.0,1871000000.0,94.6254,INTEGRATED_FILING_INDAS_1700305_23072026064928_WEB.xml
NSE:HCLTECH,HCLTECH,HCL Technologies Ltd,IT consulting & application services,2018-03-31,2018Q1,2046826316.0,402748569.0,131780000000.0,25930000000.0,64.3826,INDAS_34770_7910_02052018060801_WEB_2.xml
NSE:HCLTECH,HCLTECH,HCL Technologies Ltd,IT consulting & application services,2018-09-30,2018Q3,2119381357.0,421023807.0,148600000000.0,29520000000.0,70.1148,INDAS_39420_54463_23102018071340_WEB_2.xml
NSE:HCLTECH,HCLTECH,HCL Technologies Ltd,IT consulting & application services,2018-12-31,2018Q4,2176339054.0,428502708.0,156990000000.0,30910000000.0,72.1349,INDAS_41851_78335_29012019053223_WEB_2.xml
NSE:HCLTECH,HCLTECH,HCL Technologies Ltd,IT consulting & application services,2019-06-30,2019Q2,2362570509.0,407736494.0,164270000000.0,28350000000.0,69.5302,INDAS_46880_128629_07082019064031_WEB.xml
NSE:HCLTECH,HCLTECH,HCL Technologies Ltd,IT consulting & application services,2019-09-30,2019Q3,2490161256.0,498969951.0,175270000000.0,35120000000.0,70.385,INDAS_48823_157252_23102019064724_WEB.xml
NSE:HCLTECH,HCLTECH,HCL Technologies Ltd,IT consulting & application services,2019-12-31,2019Q4,2546778715.0,517781810.0,181350000000.0,36870000000.0,71.2076,INDAS_51503_204991_17012020052255_WEB.xml
NSE:HCLTECH,HCLTECH,HCL Technologies Ltd,IT consulting & application services,2020-03-31,2020Q1,2563165545.0,532573591.0,185870000000.0,38620000000.0,72.5158,INDAS_55014_249382_07052020021945_WEB.xml
NSE:HCLTECH,HCLTECH,HCL Technologies Ltd,IT consulting & application services,2020-06-30,2020Q2,2352264922.0,486748240.0,178420000000.0,36920000000.0,75.8503,INDAS_57886_289081_17072020124214_WEB.xml
NSE:HCLTECH,HCLTECH,HCL Technologies Ltd,IT consulting & application services,2020-09-30,2020Q3,2500928063.0,541504592.0,185940000000.0,40260000000.0,74.3484,INDAS_62115_342672_16102020125509_WEB.xml
NSE:HCLTECH,HCLTECH,HCL Technologies Ltd,IT consulting & application services,2020-12-31,2020Q4,2616021403.0,601351516.0,193020000000.0,44370000000.0,73.7838,INDAS_65987_390491_15012021125523_WEB.xml
NSE:HCLTECH,HCLTECH,HCL Technologies Ltd,IT consulting & application services,2021-03-31,2021Q1,2694153682.0,450191558.0,196410000000.0,32820000000.0,72.9023,INDAS_69425_443427_24042021023503_WEB.xml
NSE:HCLTECH,HCLTECH,HCL Technologies Ltd,IT consulting & application services,2021-06-30,2021Q2,2719782938.0,533168531.0,200680000000.0,39340000000.0,73.7853,INDAS_73106_490450_19072021080145_WEB.xml
NSE:HCLTECH,HCLTECH,HCL Technologies Ltd,IT consulting & application services,2021-09-30,2021Q3,2787562249.0,532275261.0,206550000000.0,39440000000.0,74.097,INDAS_76390_533754_14102021080941_WEB.xml
NSE:HCLTECH,HCLTECH,HCL Technologies Ltd,IT consulting & application services,2021-12-31,2021Q4,2979922122.0,568068088.0,223310000000.0,42570000000.0,74.9382,INDAS_80086_588421_14012022073552_WEB.xml
NSE:HCLTECH,HCLTECH,HCL Technologies Ltd,IT consulting & application services,2022-03-31,2022Q1,3003290768.0,540664108.0,225970000000.0,40680000000.0,75.2408,INDAS_83567_646819_21042022083745_WEB.xml
NSE:HCLTECH,HCLTECH,HCL Technologies Ltd,IT consulting & application services,2022-06-30,2022Q2,3039964967.0,517198268.0,234640000000.0,39920000000.0,77.1851,INDAS_588915_2783_18072022132521_WEB.xml
NSE:HCLTECH,HCLTECH,HCL Technologies Ltd,IT consulting & application services,2022-09-30,2022Q3,3094325149.0,554912802.0,246860000000.0,44270000000.0,79.7783,INDAS_759407_5124_12102022203930_WEB.xml
NSE:HCLTECH,HCLTECH,HCL Technologies Ltd,IT consulting & application services,2022-12-31,2022Q4,3249997870.0,636366624.0,267000000000.0,52280000000.0,82.1539,INDAS_87415_764667_12012023071944_WEB.xml
NSE:HCLTECH,HCLTECH,HCL Technologies Ltd,IT consulting & application services,2023-03-31,2023Q1,3236779036.0,588328325.0,266060000000.0,48360000000.0,82.199,INDAS_90754_828984_20042023070748.xml
NSE:HCLTECH,HCLTECH,HCL Technologies Ltd,IT consulting & application services,2023-06-30,2023Q2,3200233665.0,540106366.0,262960000000.0,44380000000.0,82.169,INDAS_94153_881998_12072023071131.xml
NSE:HCLTECH,HCLTECH,HCL Technologies Ltd,IT consulting & application services,2023-09-30,2023Q3,3225701117.0,594901912.0,266720000000.0,49190000000.0,82.6859,INDAS_97552_949968_12102023072641.xml
NSE:HCLTECH,HCLTECH,HCL Technologies Ltd,IT consulting & application services,2023-12-31,2023Q4,3417146276.0,677999493.0,284460000000.0,56440000000.0,83.2449,INDAS_101025_1019514_12012024071114.xml
NSE:HCLTECH,HCLTECH,HCL Technologies Ltd,IT consulting & application services,2024-03-31,2024Q1,3432435850.0,605093432.0,284990000000.0,50240000000.0,83.0285,INDAS_104835_1109692_26042024084717.xml
NSE:HCLTECH,HCLTECH,HCL Technologies Ltd,IT consulting & application services,2024-06-30,2024Q2,3363644538.0,574853889.0,280570000000.0,47950000000.0,83.4125,INDAS_108977_1183038_12072024062034.xml
NSE:HCLTECH,HCLTECH,HCL Technologies Ltd,IT consulting & application services,2024-09-30,2024Q3,3446036139.0,640206700.0,288620000000.0,53620000000.0,83.7542,INDAS_112774_1269123_14102024075544.xml
NSE:HCLTECH,HCLTECH,HCL Technologies Ltd,IT consulting & application services,2024-12-31,2024Q4,3540135352.0,689432181.0,298900000000.0,58210000000.0,84.4318,INDAS_117225_1345251_14012025055334.xml
NSE:HCLTECH,HCLTECH,HCL Technologies Ltd,IT consulting & application services,2025-03-31,2025Q1,3492525008.0,628391228.0,302460000000.0,54420000000.0,86.6021,INTEGRATED_FILING_INDAS_1422697_22042025070125_WEB.xml
NSE:HCLTECH,HCLTECH,HCL Technologies Ltd,IT consulting & application services,2025-06-30,2025Q2,3547030973.0,577594882.0,303490000000.0,49420000000.0,85.5617,INTEGRATED_FILING_INDAS_1482460_14072025063857_WEB.xml
NSE:HCLTECH,HCLTECH,HCL Technologies Ltd,IT consulting & application services,2025-09-30,2025Q3,3657385992.0,629983649.0,319420000000.0,55020000000.0,87.3356,INTEGRATED_FILING_INDAS_1546693_13102025071311_WEB.xml
NSE:HCLTECH,HCLTECH,HCL Technologies Ltd,IT consulting & application services,2025-12-31,2025Q4,3801648069.0,598104114.0,338720000000.0,53290000000.0,89.0982,INTEGRATED_FILING_INDAS_1598969_12012026054342_WEB.xml
NSE:HCLTECH,HCLTECH,HCL Technologies Ltd,IT consulting & application services,2026-03-31,2026Q1,3711961164.0,613908412.0,339810000000.0,56200000000.0,91.5446,INTEGRATED_FILING_INDAS_1656676_21042026070943_WEB.xml
NSE:HCLTECH,HCLTECH,HCL Technologies Ltd,IT consulting & application services,2026-06-30,2026Q2,3654304235.0,616219324.0,345790000000.0,58310000000.0,94.6254,INTEGRATED_FILING_INDAS_1691776_13072026072058_WEB.xml
NSE:INFY,INFY,Infosys Ltd,IT consulting & application services,2018-09-30,2018Q3,2939322368.0,697998140.0,206090000000.0,48940000000.0,70.1148,INDAS_39334_51934_17102018022022_WEB.xml
NSE:INFY,INFY,Infosys Ltd,IT consulting & application services,2018-12-31,2018Q4,2966663848.0,607057056.0,214000000000.0,43790000000.0,72.1349,INDAS_41604_76395_21012019062251_WEB.xml
NSE:INFY,INFY,Infosys Ltd,IT consulting & application services,2019-03-31,2019Q1,3058774076.0,655806615.0,215390000000.0,46180000000.0,70.4171,INDAS_48345_135245_05092019030633_WEB.xml
NSE:INFY,INFY,Infosys Ltd,IT consulting & application services,2019-06-30,2019Q2,3135759713.0,643029935.0,218030000000.0,44710000000.0,69.5302,INDAS_45972_115443_12072019042403_WEB.xml
NSE:INFY,INFY,Infosys Ltd,IT consulting & application services,2019-09-30,2019Q3,3215031612.0,697875968.0,226290000000.0,49120000000.0,70.385,INDAS_48561_144686_11102019042910_WEB.xml
NSE:INFY,INFY,Infosys Ltd,IT consulting & application services,2019-12-31,2019Q4,3242912273.0,711160045.0,230920000000.0,50640000000.0,71.2076,INDAS_51387_193571_10012020044703_WEB.xml
NSE:INFY,INFY,Infosys Ltd,IT consulting & application services,2020-03-31,2020Q1,3208542138.0,679438136.0,232670000000.0,49270000000.0,72.5158,INDAS_54913_241950_21042020033738_WEB.xml
NSE:INFY,INFY,Infosys Ltd,IT consulting & application services,2020-06-30,2020Q2,3119961292.0,707314276.0,236650000000.0,53650000000.0,75.8503,INDAS_57821_286995_15072020054810_WEB.xml
NSE:INFY,INFY,Infosys Ltd,IT consulting & application services,2020-09-30,2020Q3,3304711332.0,837677744.0,245700000000.0,62280000000.0,74.3484,INDAS_62084_339827_14102020065805_WEB.xml
NSE:INFY,INFY,Infosys Ltd,IT consulting & application services,2020-12-31,2020Q4,3513914979.0,893014456.0,259270000000.0,65890000000.0,73.7838,INDAS_65999_391472_15012021064345_WEB.xml
NSE:INFY,INFY,Infosys Ltd,IT consulting & application services,2021-03-31,2021Q1,3609076806.0,883374050.0,263110000000.0,64400000000.0,72.9023,INDAS_69333_434774_14042021095204_WEB.xml
NSE:INFY,INFY,Infosys Ltd,IT consulting & application services,2021-06-30,2021Q2,3780698865.0,894893698.0,278960000000.0,66030000000.0,73.7853,INDAS_73040_484278_14072021065956_WEB.xml
NSE:INFY,INFY,Infosys Ltd,IT consulting & application services,2021-09-30,2021Q3,3995033537.0,940928783.0,296020000000.0,69720000000.0,74.097,INDAS_76368_532041_13102021060339_WEB.xml
NSE:INFY,INFY,Infosys Ltd,IT consulting & application services,2021-12-31,2021Q4,4252437342.0,998689587.0,318670000000.0,74840000000.0,74.9382,INDAS_80068_585447_12012022094257_WEB.xml
NSE:INFY,INFY,Infosys Ltd,IT consulting & application services,2022-03-31,2022Q1,4289693889.0,924498410.0,322760000000.0,69560000000.0,75.2408,INDAS_83516_634679_13042022084838_WEB.xml
NSE:INFY,INFY,Infosys Ltd,IT consulting & application services,2022-06-30,2022Q2,4465887846.0,895768743.0,344700000000.0,69140000000.0,77.1851,INDAS_600781_2315_24072022182125_WEB.xml
NSE:INFY,INFY,Infosys Ltd,IT consulting & application services,2022-09-30,2022Q3,4579942165.0,986859835.0,365380000000.0,78730000000.0,79.7783,INDAS_761158_4655_13102022170237_WEB.xml
NSE:INFY,INFY,Infosys Ltd,IT consulting & application services,2022-12-31,2022Q4,4664172973.0,1003239043.0,383180000000.0,82420000000.0,82.1539,INDAS_87411_764000_12012023042514_WEB.xml
NSE:INFY,INFY,Infosys Ltd,IT consulting & application services,2023-03-31,2023Q1,4554921593.0,958284164.0,374410000000.0,78770000000.0,82.199,INDAS_90708_818546_14042023103840.xml
NSE:INFY,INFY,Infosys Ltd,IT consulting & application services,2023-06-30,2023Q2,4616461196.0,960337840.0,379330000000.0,78910000000.0,82.169,INDAS_94298_895038_20072023043507.xml
NSE:INFY,INFY,Infosys Ltd,IT consulting & application services,2023-09-30,2023Q3,4715918917.0,1000654283.0,389940000000.0,82740000000.0,82.6859,INDAS_97544_949331_12102023044047.xml
NSE:INFY,INFY,Infosys Ltd,IT consulting & application services,2023-12-31,2023Q4,4663468873.0,956334863.0,388210000000.0,79610000000.0,83.2449,INDAS_101013_1017099_11012024061922.xml
NSE:INFY,INFY,Infosys Ltd,IT consulting & application services,2024-03-31,2024Q1,4567467797.0,917877596.0,379230000000.0,76210000000.0,83.0285,INDAS_104589_1099938_19042024112830.xml
NSE:INFY,INFY,Infosys Ltd,IT consulting & application services,2024-06-30,2024Q2,4713322344.0,993616065.0,393150000000.0,82880000000.0,83.4125,INDAS_109110_1192961_18072024074507.xml
NSE:INFY,INFY,Infosys Ltd,IT consulting & application services,2024-09-30,2024Q3,4893605336.0,1032664631.0,409860000000.0,86490000000.0,83.7542,INDAS_112851_1276022_17102024074550.xml
NSE:INFY,INFY,Infosys Ltd,IT consulting & application services,2024-12-31,2024Q4,4946477512.0,1055526472.0,417640000000.0,89120000000.0,84.4318,INDAS_117292_1348213_16012025074012.xml
NSE:INFY,INFY,Infosys Ltd,IT consulting & application services,2025-03-31,2025Q1,4725635983.0,990160747.0,409250000000.0,85750000000.0,86.6021,INTEGRATED_FILING_INDAS_1417999_17042025113633_WEB.xml
NSE:INFY,INFY,Infosys Ltd,IT consulting & application services,2025-06-30,2025Q2,4941346420.0,1028848188.0,422790000000.0,88030000000.0,85.5617,INTEGRATED_FILING_INDAS_1491797_23072025085450_WEB.xml
NSE:INFY,INFY,Infosys Ltd,IT consulting & application services,2025-09-30,2025Q3,5094142595.0,1070926403.0,444900000000.0,93530000000.0,87.3356,INTEGRATED_FILING_INDAS_1551001_16102025094433_WEB.xml
NSE:INFY,INFY,Infosys Ltd,IT consulting & application services,2025-12-31,2025Q4,5104367989.0,919210489.0,454790000000.0,81900000000.0,89.0982,INTEGRATED_FILING_INDAS_1601190_14012026083832_WEB.xml
NSE:INFY,INFY,Infosys Ltd,IT consulting & application services,2026-03-31,2026Q1,5068786144.0,1064289975.0,464020000000.0,97430000000.0,91.5446,INTEGRATED_FILING_INDAS_1658040_23042026090154_WEB.xml
NSE:INFY,INFY,Infosys Ltd,IT consulting & application services,2026-06-30,2026Q2,5094932227.0,1074024522.0,482110000000.0,101630000000.0,94.6254,INTEGRATED_FILING_INDAS_1700136_23072026054446_WEB.xml
NSE:LTM,LTM,LTIMindtree Ltd (LTM Ltd),IT consulting & application services,2018-03-31,2018Q1,310829323.0,39746764.0,20012000000.0,2559000000.0,64.3826,INDAS_35568_10945_24052018123222_WEB.xml
NSE:LTM,LTM,LTIMindtree Ltd (LTM Ltd),IT consulting & application services,2018-09-30,2018Q3,332483299.0,63067997.0,23312000000.0,4422000000.0,70.1148,INDAS_39486_54968_25102018041544_WEB.xml
NSE:LTM,LTM,LTIMindtree Ltd (LTM Ltd),IT consulting & application services,2018-12-31,2018Q4,342816029.0,65613178.0,24729000000.0,4733000000.0,72.1349,INDAS_41577_74659_18012019032459_WEB.xml
NSE:LTM,LTM,LTIMindtree Ltd (LTM Ltd),IT consulting & application services,2019-03-31,2019Q1,353039248.0,62413817.0,24860000000.0,4395000000.0,70.4171,INDAS_43786_100445_03052019044815_WEB.xml
NSE:LTM,LTM,LTIMindtree Ltd (LTM Ltd),IT consulting & application services,2019-06-30,2019Q2,357384273.0,57068727.0,24849000000.0,3968000000.0,69.5302,INDAS_46046_121359_19072019040307_WEB.xml
NSE:LTM,LTM,LTIMindtree Ltd (LTM Ltd),IT consulting & application services,2019-09-30,2019Q3,365234070.0,56730838.0,25707000000.0,3993000000.0,70.385,INDAS_48633_153333_18102019035933_WEB.xml
NSE:LTM,LTM,LTIMindtree Ltd (LTM Ltd),IT consulting & application services,2019-12-31,2019Q4,394775277.0,64150456.0,28111000000.0,4568000000.0,71.2076,INDAS_51447_202114_15012020051133_WEB.xml
NSE:LTM,LTM,LTIMindtree Ltd (LTM Ltd),IT consulting & application services,2020-03-31,2020Q1,415343966.0,69405564.0,30119000000.0,5033000000.0,72.5158,INDAS_55225_259886_20052020052803_WEB.xml
NSE:LTM,LTM,LTIMindtree Ltd (LTM Ltd),IT consulting & application services,2020-06-30,2020Q2,388818502.0,67751874.0,29492000000.0,5139000000.0,75.8503,INDAS_57843_287835_16072020121108_WEB.xml
NSE:LTM,LTM,LTIMindtree Ltd (LTM Ltd),IT consulting & application services,2020-09-30,2020Q3,403290454.0,80109323.0,29984000000.0,5956000000.0,74.3484,INDAS_62213_347652_20102020093824_WEB.xml
NSE:LTM,LTM,LTIMindtree Ltd (LTM Ltd),IT consulting & application services,2020-12-31,2020Q4,427302470.0,88122325.0,31528000000.0,6502000000.0,73.7838,INDAS_66064_394581_19012021093328_WEB.xml
NSE:LTM,LTM,LTIMindtree Ltd (LTM Ltd),IT consulting & application services,2021-03-31,2021Q1,448463217.0,86814819.0,32694000000.0,6329000000.0,72.9023,INDAS_69672_445916_05052021032656_WEB.xml
NSE:LTM,LTM,LTIMindtree Ltd (LTM Ltd),IT consulting & application services,2021-06-30,2021Q2,469266914.0,77007209.0,34625000000.0,5682000000.0,73.7853,INDAS_73062_486491_15072021111232_WEB.xml
NSE:LTM,LTM,LTIMindtree Ltd (LTM Ltd),IT consulting & application services,2021-09-30,2021Q3,508387654.0,87479925.0,37670000000.0,6482000000.0,74.097,INDAS_76437_537858_19102021025513_WEB.xml
NSE:LTM,LTM,LTIMindtree Ltd (LTM Ltd),IT consulting & application services,2021-12-31,2021Q4,552134959.0,99094988.0,41376000000.0,7426000000.0,74.9382,INDAS_80206_594823_20012022124104_WEB.xml
NSE:LTM,LTM,LTIMindtree Ltd (LTM Ltd),IT consulting & application services,2022-03-31,2022Q1,571711093.0,98948974.0,43016000000.0,7445000000.0,75.2408,INDAS_83554_643075_20042022025118_WEB.xml
NSE:LTM,LTM,LTIMindtree Ltd (LTM Ltd),IT consulting & application services,2022-06-30,2022Q2,585968017.0,93839355.0,45228000000.0,7243000000.0,77.1851,INDAS_584616_3670_14072022172026_WEB.xml
NSE:LTM,LTM,LTIMindtree Ltd (LTM Ltd),IT consulting & application services,2022-09-30,2022Q3,606267619.0,97883760.0,48367000000.0,7809000000.0,79.7783,INDAS_807568_6025_28102022185902_WEB.xml
NSE:LTM,LTM,LTIMindtree Ltd (LTM Ltd),IT consulting & application services,2022-12-31,2022Q4,1049250249.0,145665635.0,86200000000.0,11967000000.0,82.1539,INDAS_87586_775748_20012023055847_WEB.xml
NSE:LTM,LTM,LTIMindtree Ltd (LTM Ltd),IT consulting & application services,2023-03-31,2023Q1,1057312133.0,172921812.0,86910000000.0,14214000000.0,82.199,INDAS_90939_834264_28042023110619.xml
NSE:LTM,LTM,LTIMindtree Ltd (LTM Ltd),IT consulting & application services,2023-06-30,2023Q2,1059049033.0,176562937.0,87021000000.0,14508000000.0,82.169,INDAS_94213_887657_17072023035042.xml
NSE:LTM,LTM,LTIMindtree Ltd (LTM Ltd),IT consulting & application services,2023-09-30,2023Q3,1077015549.0,172109150.0,89054000000.0,14231000000.0,82.6859,INDAS_97665_958490_18102023053316.xml
NSE:LTM,LTM,LTIMindtree Ltd (LTM Ltd),IT consulting & application services,2023-12-31,2023Q4,1083141430.0,166484674.0,90166000000.0,13859000000.0,83.2449,INDAS_101112_1025106_17012024050331.xml
NSE:LTM,LTM,LTIMindtree Ltd (LTM Ltd),IT consulting & application services,2024-03-31,2024Q1,1071065959.0,157620576.0,88929000000.0,13087000000.0,83.0285,INDAS_104669_1107286_24042024045312.xml
NSE:LTM,LTM,LTIMindtree Ltd (LTM Ltd),IT consulting & application services,2024-06-30,2024Q2,1096070733.0,164351866.0,91426000000.0,13709000000.0,83.4125,INDAS_109057_1189695_17072024045553.xml
NSE:LTM,LTM,LTIMindtree Ltd (LTM Ltd),IT consulting & application services,2024-09-30,2024Q3,1126259937.0,174104702.0,94329000000.0,14582000000.0,83.7542,INDAS_112833_1275051_17102024044643.xml
NSE:LTM,LTM,LTIMindtree Ltd (LTM Ltd),IT consulting & application services,2024-12-31,2024Q4,1144225280.0,157393304.0,96609000000.0,13289000000.0,84.4318,INDAS_117282_1347670_16012025050617.xml
NSE:LTM,LTM,LTIMindtree Ltd (LTM Ltd),IT consulting & application services,2025-03-31,2025Q1,1128344463.0,155354200.0,97717000000.0,13454000000.0,86.6021,INTEGRATED_FILING_INDAS_1423193_23042025045158_WEB.xml
NSE:LTM,LTM,LTIMindtree Ltd (LTM Ltd),IT consulting & application services,2025-06-30,2025Q2,1150117401.0,164384298.0,98406000000.0,14065000000.0,85.5617,INTEGRATED_FILING_INDAS_1485528_17072025050512_WEB.xml
NSE:LTM,LTM,LTIMindtree Ltd (LTM Ltd),IT consulting & application services,2025-09-30,2025Q3,1190156133.0,188708843.0,103943000000.0,16481000000.0,87.3356,INTEGRATED_FILING_INDAS_1550432_16102025045401_WEB.xml
NSE:LTM,LTM,LTIMindtree Ltd (LTM Ltd),IT consulting & application services,2025-12-31,2025Q4,1210013221.0,128711916.0,107810000000.0,11468000000.0,89.0982,INTEGRATED_FILING_INDAS_1604357_19012026044701_WEB.xml
NSE:LTM,LTM,LTIMindtree Ltd (LTM Ltd),IT consulting & application services,2026-03-31,2026Q1,1233464344.0,193523157.0,112917000000.0,17716000000.0,91.5446,INTEGRATED_FILING_INDAS_1657839_23042026051744_WEB.xml
NSE:LTM,LTM,LTIMindtree Ltd (LTM Ltd),IT consulting & application services,2026-06-30,2026Q2,1226731935.0,190149791.0,116080000000.0,17993000000.0,94.6254,INTEGRATED_FILING_INDAS_1691074_11072026072008_WEB.xml
NSE:LTTS,LTTS,L&T Technology Services Ltd,Engineering & R&D services,2018-03-31,2018Q1,163833085.0,18452190.0,10548000000.0,1188000000.0,64.3826,INDAS_35497_10576_22052018075231_WEB.xml
NSE:LTTS,LTTS,L&T Technology Services Ltd,Engineering & R&D services,2018-06-30,2018Q2,171972459.0,25388401.0,11522000000.0,1701000000.0,66.9991,INDAS_37115_28395_24072018110852_WEB.xml
NSE:LTTS,LTTS,L&T Technology Services Ltd,Engineering & R&D services,2018-09-30,2018Q3,180575285.0,28781370.0,12661000000.0,2018000000.0,70.1148,INDAS_39499_55051_25102018055533_WEB.xml
NSE:LTTS,LTTS,L&T Technology Services Ltd,Engineering & R&D services,2018-12-31,2018Q4,182560730.0,30193429.0,13169000000.0,2178000000.0,72.1349,INDAS_41576_74643_18012019031631_WEB.xml
NSE:LTTS,LTTS,L&T Technology Services Ltd,Engineering & R&D services,2019-03-31,2019Q1,190734921.0,31356020.0,13431000000.0,2208000000.0,70.4171,INDAS_43803_100494_03052019070812_WEB.xml
NSE:LTTS,LTTS,L&T Technology Services Ltd,Engineering & R&D services,2019-06-30,2019Q2,193800679.0,33064769.0,13475000000.0,2299000000.0,69.5302,INDAS_46062_121919_19072019070537_WEB.xml
NSE:LTTS,LTTS,L&T Technology Services Ltd,Engineering & R&D services,2019-09-30,2019Q3,199204376.0,33927683.0,14021000000.0,2388000000.0,70.385,INDAS_48645_154042_18102019083541_WEB.xml
NSE:LTTS,LTTS,L&T Technology Services Ltd,Engineering & R&D services,2019-12-31,2019Q4,199824176.0,33577877.0,14229000000.0,2391000000.0,71.2076,INDAS_51506_205072_17012020055031_WEB.xml
NSE:LTTS,LTTS,L&T Technology Services Ltd,Engineering & R&D services,2020-03-31,2020Q1,199487560.0,30310636.0,14466000000.0,2198000000.0,72.5158,INDAS_55146_258541_15052020083450_WEB.xml
NSE:LTTS,LTTS,L&T Technology Services Ltd,Engineering & R&D services,2020-06-30,2020Q2,170691480.0,20659114.0,12947000000.0,1567000000.0,75.8503,INDAS_57882_288665_16072020082255_WEB.xml
NSE:LTTS,LTTS,L&T Technology Services Ltd,Engineering & R&D services,2020-09-30,2020Q3,176708577.0,24223790.0,13138000000.0,1801000000.0,74.3484,INDAS_62178_346085_20102020113850_WEB.xml
NSE:LTTS,LTTS,L&T Technology Services Ltd,Engineering & R&D services,2020-12-31,2020Q4,189838420.0,28895232.0,14007000000.0,2132000000.0,73.7838,INDAS_66128_396235_21012021122301_WEB.xml
NSE:LTTS,LTTS,L&T Technology Services Ltd,Engineering & R&D services,2021-03-31,2021Q1,197593217.0,32797319.0,14405000000.0,2391000000.0,72.9023,INDAS_69640_445660_04052021110051_WEB.xml
NSE:LTTS,LTTS,L&T Technology Services Ltd,Engineering & R&D services,2021-06-30,2021Q2,205786247.0,35549086.0,15184000000.0,2623000000.0,73.7853,INDAS_73038_484243_14072021065337_WEB.xml
NSE:LTTS,LTTS,L&T Technology Services Ltd,Engineering & R&D services,2021-09-30,2021Q3,216972347.0,40001619.0,16077000000.0,2964000000.0,74.097,INDAS_76470_539800_20102021124655_WEB.xml
NSE:LTTS,LTTS,L&T Technology Services Ltd,Engineering & R&D services,2021-12-31,2021Q4,225185553.0,41954571.0,16875000000.0,3144000000.0,74.9382,INDAS_80143_592447_18012022072215_WEB.xml
NSE:LTTS,LTTS,L&T Technology Services Ltd,Engineering & R&D services,2022-03-31,2022Q1,233397306.0,43513626.0,17561000000.0,3274000000.0,75.2408,INDAS_83575_647092_22042022030517_WEB.xml
NSE:LTTS,LTTS,L&T Technology Services Ltd,Engineering & R&D services,2022-06-30,2022Q2,242754107.0,44490452.0,18737000000.0,3434000000.0,77.1851,INDAS_587555_3684_16072022133110_WEB.xml
NSE:LTTS,LTTS,L&T Technology Services Ltd,Engineering & R&D services,2022-09-30,2022Q3,250080536.0,45476025.0,19951000000.0,3628000000.0,79.7783,INDAS_775365_6039_19102022153431_WEB.xml
NSE:LTTS,LTTS,L&T Technology Services Ltd,Engineering & R&D services,2022-12-31,2022Q4,249361260.0,46607647.0,20486000000.0,3829000000.0,82.1539,INDAS_87557_774616_20012023124141_WEB.xml
NSE:LTTS,LTTS,L&T Technology Services Ltd,Engineering & R&D services,2023-03-31,2023Q1,255015268.0,47774304.0,20962000000.0,3927000000.0,82.199,INDAS_90890_833732_27042023034520.xml
NSE:LTTS,LTTS,L&T Technology Services Ltd,Engineering & R&D services,2023-06-30,2023Q2,280081296.0,48120337.0,23014000000.0,3954000000.0,82.169,INDAS_94251_892184_19072023025917.xml
NSE:LTTS,LTTS,L&T Technology Services Ltd,Engineering & R&D services,2023-09-30,2023Q3,288622365.0,49282889.0,23865000000.0,4075000000.0,82.6859,INDAS_97642_957534_18102023020854.xml
NSE:LTTS,LTTS,L&T Technology Services Ltd,Engineering & R&D services,2023-12-31,2023Q4,290924729.0,49997057.0,24218000000.0,4162000000.0,83.2449,INDAS_101097_1024138_17012024121517.xml
NSE:LTTS,LTTS,L&T Technology Services Ltd,Engineering & R&D services,2024-03-31,2024Q1,305617950.0,51572653.0,25375000000.0,4282000000.0,83.0285,INDAS_104768_1108991_26042024032448.xml
NSE:LTTS,LTTS,L&T Technology Services Ltd,Engineering & R&D services,2024-06-30,2024Q2,295147610.0,45988311.0,24619000000.0,3836000000.0,83.4125,INDAS_109121_1193739_19072024125939.xml
NSE:LTTS,LTTS,L&T Technology Services Ltd,Engineering & R&D services,2024-09-30,2024Q3,307196535.0,46290216.0,25729000000.0,3877000000.0,83.7542,INDAS_112816_1273456_16102024075902.xml
NSE:LTTS,LTTS,L&T Technology Services Ltd,Engineering & R&D services,2024-12-31,2024Q4,314218103.0,49969324.0,26530000000.0,4219000000.0,84.4318,INDAS_117240_1346254_15012025050001.xml
NSE:LTTS,LTTS,L&T Technology Services Ltd,Engineering & R&D services,2025-03-31,2025Q1,344379640.0,45483885.0,29824000000.0,3939000000.0,86.6021,INTEGRATED_FILING_INDAS_1424710_25042025040331_WEB.xml
NSE:LTTS,LTTS,L&T Technology Services Ltd,Engineering & R&D services,2025-06-30,2025Q2,334962957.0,44564332.0,28660000000.0,3813000000.0,85.5617,INTEGRATED_FILING_INDAS_1484495_16072025053544_WEB.xml
NSE:LTTS,LTTS,L&T Technology Services Ltd,Engineering & R&D services,2025-09-30,2025Q3,341155268.0,45594236.0,29795000000.0,3982000000.0,87.3356,INTEGRATED_FILING_INDAS_1552501_17102025062437_WEB.xml
NSE:LTTS,LTTS,L&T Technology Services Ltd,Engineering & R&D services,2025-12-31,2025Q4,328121107.0,43962729.0,29235000000.0,3917000000.0,89.0982,INTEGRATED_FILING_INDAS_1601617_15012026045011_WEB.xml
NSE:LTTS,LTTS,L&T Technology Services Ltd,Engineering & R&D services,2026-03-31,2026Q1,312186628.0,43465153.0,28579000000.0,3979000000.0,91.5446,INTEGRATED_FILING_INDAS_1657449_22042026101654_WEB.xml
NSE:LTTS,LTTS,L&T Technology Services Ltd,Engineering & R&D services,2026-06-30,2026Q2,310709387.0,48750124.0,29401000000.0,4613000000.0,94.6254,INTEGRATED_FILING_INDAS_1692603_14072026070212_WEB.xml
NSE:MASTEK,MASTEK,Mastek Ltd,IT consulting & application services,2018-09-30,2018Q3,36664156.0,3783795.0,2570700000.0,265300000.0,70.1148,INDAS_39482_54960_25102018040057_WEB_2.xml
NSE:MASTEK,MASTEK,Mastek Ltd,IT consulting & application services,2018-12-31,2018Q4,36736725.0,4115900.0,2650000000.0,296900000.0,72.1349,INDAS_41547_74055_17012019052954_WEB_2.xml
NSE:MASTEK,MASTEK,Mastek Ltd,IT consulting & application services,2019-03-31,2019Q1,37931128.0,4474765.0,2671000000.0,315100000.0,70.4171,INDAS_43572_95490_16042019060419_WEB_2.xml
NSE:MASTEK,MASTEK,Mastek Ltd,IT consulting & application services,2019-09-30,2019Q3,34609647.0,3270583.0,2436000000.0,230200000.0,70.385,INDAS_48618_152190_17102019042923_WEB_2.xml
NSE:MASTEK,MASTEK,Mastek Ltd,IT consulting & application services,2019-12-31,2019Q4,34221066.0,3269314.0,2436800000.0,232800000.0,71.2076,INDAS_51797_211735_28012020051218_WEB.xml
NSE:MASTEK,MASTEK,Mastek Ltd,IT consulting & application services,2020-03-31,2020Q1,46425744.0,4543837.0,3366600000.0,329500000.0,72.5158,INDAS_55867_265459_15062020052206_WEB.xml
NSE:MASTEK,MASTEK,Mastek Ltd,IT consulting & application services,2020-06-30,2020Q2,50897623.0,7477887.0,3860600000.0,567200000.0,75.8503,INDAS_58708_299840_30072020071522_WEB.xml
NSE:MASTEK,MASTEK,Mastek Ltd,IT consulting & application services,2020-09-30,2020Q3,55110803.0,10075536.0,4097400000.0,749100000.0,74.3484,INDAS_62654_352596_30102020025614_WEB.xml
NSE:MASTEK,MASTEK,Mastek Ltd,IT consulting & application services,2020-12-31,2020Q4,60019950.0,12490547.0,4428500000.0,921600000.0,73.7838,INDAS_66800_400981_02022021082226_WEB.xml
NSE:MASTEK,MASTEK,Mastek Ltd,IT consulting & application services,2021-03-31,2021Q1,66281859.0,13131273.0,4832100000.0,957300000.0,72.9023,INDAS_69542_444917_29042021101213_WEB.xml
NSE:MASTEK,MASTEK,Mastek Ltd,IT consulting & application services,2021-06-30,2021Q2,69996327.0,13964841.0,5164700000.0,1030400000.0,73.7853,INDAS_73108_490643_20072021121738_WEB.xml
NSE:MASTEK,MASTEK,Mastek Ltd,IT consulting & application services,2021-09-30,2021Q3,72058248.0,13818373.0,5339300000.0,1023900000.0,74.097,INDAS_76462_539369_20102021101355_WEB.xml
NSE:MASTEK,MASTEK,Mastek Ltd,IT consulting & application services,2021-12-31,2021Q4,73648687.0,14102287.0,5519100000.0,1056800000.0,74.9382,INDAS_80203_594786_20012022123017_WEB.xml
NSE:MASTEK,MASTEK,Mastek Ltd,IT consulting & application services,2022-03-31,2022Q1,77289184.0,14424355.0,5815300000.0,1085300000.0,75.2408,INDAS_83548_642175_20042022101730_WEB.xml
NSE:MASTEK,MASTEK,Mastek Ltd,IT consulting & application services,2022-09-30,2022Q3,78379710.0,14493916.0,6253000000.0,1156300000.0,79.7783,INDAS_782955_4646_21102022003624_WEB.xml
NSE:MASTEK,MASTEK,Mastek Ltd,IT consulting & application services,2022-12-31,2022Q4,80173917.0,11456547.0,6586600000.0,941200000.0,82.1539,INDAS_87455_768853_17012023122333_WEB.xml
NSE:MASTEK,MASTEK,Mastek Ltd,IT consulting & application services,2023-03-31,2023Q1,86275989.0,12885802.0,7091800000.0,1059200000.0,82.199,INDAS_90739_826748_19042023072002.xml
NSE:MASTEK,MASTEK,Mastek Ltd,IT consulting & application services,2023-06-30,2023Q2,88263214.0,13057236.0,7252500000.0,1072900000.0,82.169,INDAS_94250_892162_19072023025516.xml
NSE:MASTEK,MASTEK,Mastek Ltd,IT consulting & application services,2023-09-30,2023Q3,92584104.0,11855709.0,7655400000.0,980300000.0,82.6859,INDAS_97699_960710_19102023051051.xml
NSE:MASTEK,MASTEK,Mastek Ltd,IT consulting & application services,2023-12-31,2023Q4,94212378.0,13419441.0,7842700000.0,1117100000.0,83.2449,INDAS_101168_1028103_18012024082231.xml
NSE:MASTEK,MASTEK,Mastek Ltd,IT consulting & application services,2024-03-31,2024Q1,93911127.0,11757409.0,7797300000.0,976200000.0,83.0285,INDAS_104843_1109756_26042024103703.xml
NSE:MASTEK,MASTEK,Mastek Ltd,IT consulting & application services,2024-06-30,2024Q2,97454218.0,12453769.0,8128900000.0,1038800000.0,83.4125,INDAS_109073_1191538_18072024034608.xml
NSE:MASTEK,MASTEK,Mastek Ltd,IT consulting & application services,2024-09-30,2024Q3,103563762.0,16120983.0,8673900000.0,1350200000.0,83.7542,INDAS_112883_1277966_18102024045714.xml
NSE:MASTEK,MASTEK,Mastek Ltd,IT consulting & application services,2024-12-31,2024Q4,102986079.0,15169640.0,8695300000.0,1280800000.0,84.4318,INDAS_117278_1347554_16012025043533.xml
NSE:MASTEK,MASTEK,Mastek Ltd,IT consulting & application services,2025-03-31,2025Q1,104549428.0,12928093.0,9054200000.0,1119600000.0,86.6021,INTEGRATED_FILING_INDAS_1419160_18042025063712_WEB.xml
NSE:MASTEK,MASTEK,Mastek Ltd,IT consulting & application services,2025-06-30,2025Q2,106905309.0,13896405.0,9147000000.0,1189000000.0,85.5617,INTEGRATED_FILING_INDAS_1487074_18072025063911_WEB.xml
NSE:MASTEK,MASTEK,Mastek Ltd,IT consulting & application services,2025-09-30,2025Q3,107673160.0,14614888.0,9403700000.0,1276400000.0,87.3356,INTEGRATED_FILING_INDAS_1549926_16102025012515_WEB.xml
NSE:MASTEK,MASTEK,Mastek Ltd,IT consulting & application services,2025-12-31,2025Q4,101649641.0,14336990.0,9056800000.0,1277400000.0,89.0982,INTEGRATED_FILING_INDAS_1606450_21012026013814_WEB.xml
NSE:MASTEK,MASTEK,Mastek Ltd,IT consulting & application services,2026-03-31,2026Q1,102463717.0,11857608.0,9380000000.0,1085500000.0,91.5446,INTEGRATED_FILING_INDAS_1653174_17042026040614_WEB.xml
NSE:MASTEK,MASTEK,Mastek Ltd,IT consulting & application services,2026-06-30,2026Q2,104121092.0,14057536.0,9852500000.0,1330200000.0,94.6254,INTEGRATED_FILING_INDAS_1698755_21072026070729_WEB.xml
NSE:MPHASIS,MPHASIS,Mphasis Ltd,IT consulting & application services,2018-03-31,2018Q1,270956439.0,43378956.0,17444880000.0,2792850000.0,64.3826,INDAS_35088_9215_11052018063955_WEB.xml
NSE:MPHASIS,MPHASIS,Mphasis Ltd,IT consulting & application services,2018-06-30,2018Q2,271678724.0,45092695.0,18202230000.0,3021170000.0,66.9991,INDAS_38080_32627_08082018063329_WEB.xml
NSE:MPHASIS,MPHASIS,Mphasis Ltd,IT consulting & application services,2018-09-30,2018Q3,273100829.0,44860286.0,19148410000.0,3145370000.0,70.1148,INDAS_39362_53352_19102018091006_WEB.xml
NSE:MPHASIS,MPHASIS,Mphasis Ltd,IT consulting & application services,2018-12-31,2018Q4,273232097.0,43106319.0,19709570000.0,3109470000.0,72.1349,INDAS_41733_77530_25012019010604_WEB.xml
NSE:MPHASIS,MPHASIS,Mphasis Ltd,IT consulting & application services,2019-03-31,2019Q1,287566372.0,45498466.0,20249590000.0,3203870000.0,70.4171,INDAS_45030_105304_28052019071459_WEB.xml
NSE:MPHASIS,MPHASIS,Mphasis Ltd,IT consulting & application services,2019-06-30,2019Q2,296642179.0,45926374.0,20625590000.0,3193270000.0,69.5302,INDAS_46303_125556_26072019072906_WEB.xml
NSE:MPHASIS,MPHASIS,Mphasis Ltd,IT consulting & application services,2019-12-31,2019Q4,319729355.0,51869323.0,22767160000.0,3693490000.0,71.2076,INDAS_52735_216116_07022020123918_WEB.xml
NSE:MPHASIS,MPHASIS,Mphasis Ltd,IT consulting & application services,2020-03-31,2020Q1,323536526.0,52834417.0,23461510000.0,3831330000.0,72.5158,INDAS_55111_256135_14052020035221_WEB.xml
NSE:MPHASIS,MPHASIS,Mphasis Ltd,IT consulting & application services,2020-06-30,2020Q2,301675010.0,47246089.0,22882140000.0,3583630000.0,75.8503,INDAS_58139_296076_24072020024604_WEB.xml
NSE:MPHASIS,MPHASIS,Mphasis Ltd,IT consulting & application services,2020-09-30,2020Q3,327569793.0,52784862.0,24354290000.0,3924470000.0,74.3484,INDAS_62492_351489_28102020061918_WEB.xml
NSE:MPHASIS,MPHASIS,Mphasis Ltd,IT consulting & application services,2020-12-31,2020Q4,335356135.0,54867329.0,24743850000.0,4048320000.0,73.7838,INDAS_66217_397494_22012021045812_WEB.xml
NSE:MPHASIS,MPHASIS,Mphasis Ltd,IT consulting & application services,2021-03-31,2021Q1,346255605.0,55613609.0,25242830000.0,4054360000.0,72.9023,INDAS_69989_448061_14052021075525_WEB.xml
NSE:MPHASIS,MPHASIS,Mphasis Ltd,IT consulting & application services,2021-06-30,2021Q2,364684293.0,57871961.0,26908340000.0,4270100000.0,73.7853,INDAS_73286_494913_23072021054704_WEB.xml
NSE:MPHASIS,MPHASIS,Mphasis Ltd,IT consulting & application services,2021-09-30,2021Q3,387225799.0,58300606.0,28692270000.0,4319900000.0,74.097,INDAS_76596_544692_22102021024613_WEB.xml
NSE:MPHASIS,MPHASIS,Mphasis Ltd,IT consulting & application services,2021-12-31,2021Q4,416839209.0,62790940.0,31237180000.0,4705440000.0,74.9382,INDAS_80268_596604_21012022125546_WEB.xml
NSE:MPHASIS,MPHASIS,Mphasis Ltd,IT consulting & application services,2022-03-31,2022Q1,435623359.0,66095656.0,32776650000.0,4973090000.0,75.2408,INDAS_83759_649610_29042022055848_WEB.xml
NSE:MPHASIS,MPHASIS,Mphasis Ltd,IT consulting & application services,2022-09-30,2022Q3,441200176.0,67391885.0,35198200000.0,5376410000.0,79.7783,INDAS_785456_5055_21102022143348_WEB.xml
NSE:MPHASIS,MPHASIS,Mphasis Ltd,IT consulting & application services,2022-12-31,2022Q4,426785947.0,65173656.0,35062130000.0,5354270000.0,82.1539,INDAS_87562_775057_20012023033359_WEB.xml
NSE:MPHASIS,MPHASIS,Mphasis Ltd,IT consulting & application services,2023-03-31,2023Q1,408912760.0,62679108.0,33612220000.0,5152160000.0,82.199,INDAS_90992_834803_28042023064519.xml
NSE:MPHASIS,MPHASIS,Mphasis Ltd,IT consulting & application services,2023-06-30,2023Q2,395771033.0,60791418.0,32520110000.0,4995170000.0,82.169,INDAS_94341_897073_21072023030638.xml
NSE:MPHASIS,MPHASIS,Mphasis Ltd,IT consulting & application services,2023-09-30,2023Q3,396258854.0,61275864.0,32765020000.0,5066650000.0,82.6859,INDAS_97779_964182_20102023073915.xml
NSE:MPHASIS,MPHASIS,Mphasis Ltd,IT consulting & application services,2023-12-31,2023Q4,400979399.0,59727383.0,33379490000.0,4972000000.0,83.2449,INDAS_102092_1042572_02022024030424.xml
NSE:MPHASIS,MPHASIS,Mphasis Ltd,IT consulting & application services,2024-03-31,2024Q1,410949614.0,61184172.0,34120530000.0,5080030000.0,83.0285,INDAS_104783_1109118_26042024042746.xml
NSE:MPHASIS,MPHASIS,Mphasis Ltd,IT consulting & application services,2024-06-30,2024Q2,410305650.0,61566072.0,34224620000.0,5135380000.0,83.4125,INDAS_109525_1203110_26072024124745.xml
NSE:MPHASIS,MPHASIS,Mphasis Ltd,IT consulting & application services,2024-09-30,2024Q3,422205215.0,64989696.0,35361460000.0,5443160000.0,83.7542,INDAS_112826_1274451_17102024025638.xml
NSE:MPHASIS,MPHASIS,Mphasis Ltd,IT consulting & application services,2024-12-31,2024Q4,421800554.0,64617360.0,35613380000.0,5455760000.0,84.4318,INDAS_117598_1360049_24012025010704.xml
NSE:MPHASIS,MPHASIS,Mphasis Ltd,IT consulting & application services,2025-03-31,2025Q1,428400812.0,65496449.0,37100410000.0,5672130000.0,86.6021,INTEGRATED_FILING_INDAS_1432249_06052025034840_WEB.xml
NSE:MPHASIS,MPHASIS,Mphasis Ltd,IT consulting & application services,2025-06-30,2025Q2,436233619.0,66729156.0,37324890000.0,5709460000.0,85.5617,INTEGRATED_FILING_INDAS_1492933_24072025115349_WEB.xml
NSE:MPHASIS,MPHASIS,Mphasis Ltd,IT consulting & application services,2025-09-30,2025Q3,446772107.0,68003197.0,39019110000.0,5939100000.0,87.3356,INTEGRATED_FILING_INDAS_1562292_31102025122753_WEB.xml
NSE:MPHASIS,MPHASIS,Mphasis Ltd,IT consulting & application services,2025-12-31,2025Q4,449232308.0,64180758.0,40025790000.0,5718390000.0,89.0982,INTEGRATED_FILING_INDAS_1608214_22012026035914_WEB.xml
NSE:MPHASIS,MPHASIS,Mphasis Ltd,IT consulting & application services,2026-03-31,2026Q1,463453661.0,71084258.0,42426680000.0,6507380000.0,91.5446,INTEGRATED_FILING_INDAS_1661644_29042026115749_WEB.xml
NSE:MPHASIS,MPHASIS,Mphasis Ltd,IT consulting & application services,2026-06-30,2026Q2,463306258.0,68527584.0,43840540000.0,6484450000.0,94.6254,INTEGRATED_FILING_INDAS_1700453_23072026115810_WEB.xml
NSE:PERSISTENT,PERSISTENT,Persistent Systems Ltd,IT consulting & application services,2018-06-30,2018Q2,124521225.0,14922290.0,8342810000.0,999780000.0,66.9991,INDAS_37548_30297_28072018062011_WEB.xml
NSE:PERSISTENT,PERSISTENT,Persistent Systems Ltd,IT consulting & application services,2018-09-30,2018Q3,119169847.0,14799301.0,8355570000.0,1037650000.0,70.1148,INDAS_39374_53898_21102018040754_WEB.xml
NSE:PERSISTENT,PERSISTENT,Persistent Systems Ltd,IT consulting & application services,2018-12-31,2018Q4,119810106.0,14777174.0,8642490000.0,1065950000.0,72.1349,INDAS_41825_78144_29012019124450_WEB.xml
NSE:PERSISTENT,PERSISTENT,Persistent Systems Ltd,IT consulting & application services,2019-03-31,2019Q1,118132385.0,11789892.0,8318540000.0,830210000.0,70.4171,INDAS_43668_99730_28042019121103_WEB.xml
NSE:PERSISTENT,PERSISTENT,Persistent Systems Ltd,IT consulting & application services,2019-06-30,2019Q2,119676630.0,11732312.0,8321140000.0,815750000.0,69.5302,INDAS_46271_125357_26072019040635_WEB.xml
NSE:PERSISTENT,PERSISTENT,Persistent Systems Ltd,IT consulting & application services,2019-09-30,2019Q3,125680188.0,11246004.0,8846000000.0,791550000.0,70.385,INDAS_49248_160007_05112019025051_WEB.xml
NSE:PERSISTENT,PERSISTENT,Persistent Systems Ltd,IT consulting & application services,2019-12-31,2019Q4,129582938.0,11329690.0,9227290000.0,806760000.0,71.2076,INDAS_52074_213313_31012020032458_WEB.xml
NSE:PERSISTENT,PERSISTENT,Persistent Systems Ltd,IT consulting & application services,2020-03-31,2020Q1,127746643.0,11706552.0,9263650000.0,848910000.0,72.5158,INDAS_54994_248717_06052020024900_WEB.xml
NSE:PERSISTENT,PERSISTENT,Persistent Systems Ltd,IT consulting & application services,2020-06-30,2020Q2,130702845.0,13478259.0,9913850000.0,1022330000.0,75.8503,INDAS_58283_297368_27072020042554_WEB.xml
NSE:PERSISTENT,PERSISTENT,Persistent Systems Ltd,IT consulting & application services,2020-09-30,2020Q3,135543872.0,16467604.0,10077470000.0,1224340000.0,74.3484,INDAS_62681_352759_30102020050954_WEB.xml
NSE:PERSISTENT,PERSISTENT,Persistent Systems Ltd,IT consulting & application services,2020-12-31,2020Q4,145749880.0,18482783.0,10753980000.0,1363730000.0,73.7838,INDAS_66589_399804_29012021034320_WEB.xml
NSE:PERSISTENT,PERSISTENT,Persistent Systems Ltd,IT consulting & application services,2021-03-31,2021Q1,152719187.0,20085100.0,11133580000.0,1464250000.0,72.9023,INDAS_69573_445145_30042021052213_WEB.xml
NSE:PERSISTENT,PERSISTENT,Persistent Systems Ltd,IT consulting & application services,2021-06-30,2021Q2,166689842.0,22566961.0,12299260000.0,1665110000.0,73.7853,INDAS_73255_494642_22072021082358_WEB.xml
NSE:PERSISTENT,PERSISTENT,Persistent Systems Ltd,IT consulting & application services,2021-09-30,2021Q3,182362174.0,25279161.0,13512490000.0,1873110000.0,74.097,INDAS_76914_547251_28102021120755_WEB.xml
NSE:PERSISTENT,PERSISTENT,Persistent Systems Ltd,IT consulting & application services,2021-12-31,2021Q4,199059625.0,27795971.0,14917170000.0,2082980000.0,74.9382,INDAS_80278_596841_21012022031512_WEB.xml
NSE:PERSISTENT,PERSISTENT,Persistent Systems Ltd,IT consulting & application services,2022-03-31,2022Q1,217681630.0,30573705.0,16378540000.0,2300390000.0,75.2408,INDAS_83692_648902_28042022011405_WEB.xml
NSE:PERSISTENT,PERSISTENT,Persistent Systems Ltd,IT consulting & application services,2022-09-30,2022Q3,256791759.0,37435869.0,20486410000.0,2986570000.0,79.7783,INDAS_776600_5665_19102022175545_WEB.xml
NSE:PERSISTENT,PERSISTENT,Persistent Systems Ltd,IT consulting & application services,2022-12-31,2022Q4,264061475.0,36948824.0,21693680000.0,3035490000.0,82.1539,INDAS_87507_772152_18012023070347_WEB.xml
NSE:PERSISTENT,PERSISTENT,Persistent Systems Ltd,IT consulting & application services,2023-03-31,2023Q1,274270003.0,42164625.0,22544720000.0,3465890000.0,82.199,INDAS_90813_832369_25042023030047.xml
NSE:PERSISTENT,PERSISTENT,Persistent Systems Ltd,IT consulting & application services,2023-06-30,2023Q2,282487921.0,36266597.0,23211750000.0,2979990000.0,82.169,INDAS_94295_894883_20072023035320.xml
NSE:PERSISTENT,PERSISTENT,Persistent Systems Ltd,IT consulting & application services,2023-09-30,2023Q3,291666415.0,40002467.0,24116700000.0,3307640000.0,82.6859,INDAS_97644_957915_18102023035100.xml
NSE:PERSISTENT,PERSISTENT,Persistent Systems Ltd,IT consulting & application services,2023-12-31,2023Q4,300104391.0,43618648.0,24982160000.0,3631030000.0,83.2449,INDAS_101255_1032305_20012024065251.xml
NSE:PERSISTENT,PERSISTENT,Persistent Systems Ltd,IT consulting & application services,2024-03-31,2024Q1,312004432.0,45098249.0,25905260000.0,3744440000.0,83.0285,INDAS_104625_1105391_21042024091823.xml
NSE:PERSISTENT,PERSISTENT,Persistent Systems Ltd,IT consulting & application services,2024-06-30,2024Q2,328148659.0,46038184.0,27371700000.0,3840160000.0,83.4125,INDAS_109094_1192346_18072024055557.xml
NSE:PERSISTENT,PERSISTENT,Persistent Systems Ltd,IT consulting & application services,2024-09-30,2024Q3,345911130.0,48503000.0,28971510000.0,4062330000.0,83.7542,INDAS_113051_1285423_22102024083840.xml
NSE:PERSISTENT,PERSISTENT,Persistent Systems Ltd,IT consulting & application services,2024-12-31,2024Q4,362693203.0,53975576.0,30622840000.0,4557255000.0,84.4318,INDAS_117508_1357475_22012025090715.xml
NSE:PERSISTENT,PERSISTENT,Persistent Systems Ltd,IT consulting & application services,2025-03-31,2025Q1,374368751.0,58348354.0,32421120000.0,5053090000.0,86.6021,INTEGRATED_FILING_INDAS_1424280_24042025083216_WEB.xml
NSE:PERSISTENT,PERSISTENT,Persistent Systems Ltd,IT consulting & application services,2025-06-30,2025Q2,389612058.0,60518784.0,33335870000.0,5178090000.0,85.5617,INTEGRATED_FILING_INDAS_1491776_23072025083000_WEB.xml
NSE:PERSISTENT,PERSISTENT,Persistent Systems Ltd,IT consulting & application services,2025-09-30,2025Q3,409995466.0,66758000.0,35807200000.0,5830350000.0,87.3356,INTEGRATED_FILING_INDAS_1548199_14102025081605_WEB.xml
NSE:PERSISTENT,PERSISTENT,Persistent Systems Ltd,IT consulting & application services,2025-12-31,2025Q4,424049532.0,60995621.0,37782050000.0,5434600000.0,89.0982,INTEGRATED_FILING_INDAS_1606226_20012026071106_WEB.xml
NSE:PERSISTENT,PERSISTENT,Persistent Systems Ltd,IT consulting & application services,2026-03-31,2026Q1,443055844.0,72004684.0,40559370000.0,6591640000.0,91.5446,INTEGRATED_FILING_INDAS_1656685_21042026071318_WEB.xml
NSE:PERSISTENT,PERSISTENT,Persistent Systems Ltd,IT consulting & application services,2026-06-30,2026Q2,454764471.0,61464258.0,43032270000.0,5816080000.0,94.6254,INTEGRATED_FILING_INDAS_1706739_02082026064511_WEB.xml
NSE:SONATSOFTW,SONATSOFTW,Sonata Software Ltd,Systems integration,2018-03-31,2018Q1,97200781.0,9407682.0,6258039000.0,605691000.0,64.3826,INDAS_35530_10710_23052018045118_WEB_2.xml
NSE:SONATSOFTW,SONATSOFTW,Sonata Software Ltd,Systems integration,2018-09-30,2018Q3,84585565.0,10141939.0,5930700000.0,711100000.0,70.1148,INDAS_40129_57460_02112018073306_WEB.xml
NSE:SONATSOFTW,SONATSOFTW,Sonata Software Ltd,Systems integration,2018-12-31,2018Q4,116997459.0,13426233.0,8439600000.0,968500000.0,72.1349,INDAS_42587_80810_08022019061130_WEB.xml
NSE:SONATSOFTW,SONATSOFTW,Sonata Software Ltd,Systems integration,2019-03-31,2019Q1,118657258.0,12116375.0,8355500000.0,853200000.0,70.4171,INDAS_45630_107212_31052019121742_WEB.xml
NSE:SONATSOFTW,SONATSOFTW,Sonata Software Ltd,Systems integration,2019-06-30,2019Q2,125791383.0,11600715.0,8746300000.0,806600000.0,69.5302,INDAS_46917_128778_08082019113249_WEB.xml
NSE:SONATSOFTW,SONATSOFTW,Sonata Software Ltd,Systems integration,2019-09-30,2019Q3,99889181.0,11550757.0,7030700000.0,813000000.0,70.385,INDAS_49064_158879_31102019125816_WEB.xml
NSE:SONATSOFTW,SONATSOFTW,Sonata Software Ltd,Systems integration,2019-12-31,2019Q4,173700560.0,14119279.0,12368800000.0,1005400000.0,71.2076,INDAS_51712_210777_24012020060807_WEB.xml
NSE:SONATSOFTW,SONATSOFTW,Sonata Software Ltd,Systems integration,2020-03-31,2020Q1,128065884.0,10177092.0,9286800000.0,738000000.0,72.5158,INDAS_55080_253104_12052020031612_WEB.xml
NSE:SONATSOFTW,SONATSOFTW,Sonata Software Ltd,Systems integration,2020-06-30,2020Q2,125568389.0,8947888.0,9524400000.0,678700000.0,75.8503,INDAS_59760_304761_10082020072420_WEB.xml
NSE:SONATSOFTW,SONATSOFTW,Sonata Software Ltd,Systems integration,2020-09-30,2020Q3,108108581.0,10387581.0,8037700000.0,772300000.0,74.3484,INDAS_63490_356237_07112020012716_WEB.xml
NSE:SONATSOFTW,SONATSOFTW,Sonata Software Ltd,Systems integration,2020-12-31,2020Q4,189223109.0,13688642.0,13961600000.0,1010000000.0,73.7838,INDAS_67049_402210_04022021063127_WEB.xml
NSE:SONATSOFTW,SONATSOFTW,Sonata Software Ltd,Systems integration,2021-03-31,2021Q1,147555015.0,12852818.0,10757100000.0,937000000.0,72.9023,INDAS_69907_447551_13052021012247_WEB.xml
NSE:SONATSOFTW,SONATSOFTW,Sonata Software Ltd,Systems integration,2021-06-30,2021Q2,171923134.0,12345277.0,12685400000.0,910900000.0,73.7853,INDAS_74128_499930_05082021034923_WEB.xml
NSE:SONATSOFTW,SONATSOFTW,Sonata Software Ltd,Systems integration,2021-09-30,2021Q3,129989068.0,15028949.0,9631800000.0,1113600000.0,74.097,INDAS_76465_539644_20102021115500_WEB.xml
NSE:SONATSOFTW,SONATSOFTW,Sonata Software Ltd,Systems integration,2021-12-31,2021Q4,247940303.0,15878417.0,18580200000.0,1189900000.0,74.9382,INDAS_80127_591296_18012022124009_WEB.xml
NSE:SONATSOFTW,SONATSOFTW,Sonata Software Ltd,Systems integration,2022-03-31,2022Q1,194526108.0,12630116.0,14636300000.0,950300000.0,75.2408,INDAS_83791_649867_30042022091733_WEB.xml
NSE:SONATSOFTW,SONATSOFTW,Sonata Software Ltd,Systems integration,2022-06-30,2022Q2,230466761.0,16670316.0,17788600000.0,1286700000.0,77.1851,INDAS_602725_2763_25072022180623_WEB.xml
NSE:SONATSOFTW,SONATSOFTW,Sonata Software Ltd,Systems integration,2022-09-30,2022Q3,187517157.0,17675232.0,14959800000.0,1410100000.0,79.7783,INDAS_772689_5104_18102022183248_WEB.xml
NSE:SONATSOFTW,SONATSOFTW,Sonata Software Ltd,Systems integration,2022-12-31,2022Q4,275188396.0,17362535.0,22607800000.0,1426400000.0,82.1539,INDAS_87744_778128_25012023102302_WEB.xml
NSE:SONATSOFTW,SONATSOFTW,Sonata Software Ltd,Systems integration,2023-03-31,2023Q1,232788720.0,16141316.0,19135000000.0,1326800000.0,82.199,INDAS_91659_842039_13052023113610.xml
NSE:SONATSOFTW,SONATSOFTW,Sonata Software Ltd,Systems integration,2023-06-30,2023Q2,245290803.0,17898478.0,20155300000.0,1470700000.0,82.169,INDAS_94904_903715_29072023052015.xml
NSE:SONATSOFTW,SONATSOFTW,Sonata Software Ltd,Systems integration,2023-09-30,2023Q3,231305458.0,19831676.0,19125700000.0,1639800000.0,82.6859,INDAS_97889_967161_25102023052411.xml
NSE:SONATSOFTW,SONATSOFTW,Sonata Software Ltd,Systems integration,2023-12-31,2023Q4,299519850.0,-80485.0,24933500000.0,-6700000.0,83.2449,INDAS_101988_1041477_01022024041253.xml
NSE:SONATSOFTW,SONATSOFTW,Sonata Software Ltd,Systems integration,2024-03-31,2024Q1,263958761.0,13302661.0,21916100000.0,1104500000.0,83.0285,INDAS_105393_1117212_07052024055552.xml
NSE:SONATSOFTW,SONATSOFTW,Sonata Software Ltd,Systems integration,2024-06-30,2024Q2,303003746.0,17130526.0,25274300000.0,1428900000.0,83.4125,INDAS_109956_1208049_31072024054015.xml
NSE:SONATSOFTW,SONATSOFTW,Sonata Software Ltd,Systems integration,2024-09-30,2024Q3,259071187.0,17232569.0,21698300000.0,1443300000.0,83.7542,INDAS_114258_1298763_06112024051653.xml
NSE:SONATSOFTW,SONATSOFTW,Sonata Software Ltd,Systems integration,2024-12-31,2024Q4,336696600.0,15551013.0,28427900000.0,1313000000.0,84.4318,INDAS_118870_1372969_06022025042838.xml
NSE:SONATSOFTW,SONATSOFTW,Sonata Software Ltd,Systems integration,2025-03-31,2025Q1,302209762.0,17277872.0,26172000000.0,1496300000.0,86.6021,INTEGRATED_FILING_INDAS_1433346_07052025074531_WEB.xml
NSE:SONATSOFTW,SONATSOFTW,Sonata Software Ltd,Systems integration,2025-06-30,2025Q2,346554592.0,15610957.0,29651800000.0,1335700000.0,85.5617,INTEGRATED_FILING_INDAS_1498281_30072025062903_WEB.xml
NSE:SONATSOFTW,SONATSOFTW,Sonata Software Ltd,Systems integration,2025-09-30,2025Q3,242661641.0,16767504.0,21193000000.0,1464400000.0,87.3356,INTEGRATED_FILING_INDAS_1573821_13112025061819_WEB.xml
NSE:SONATSOFTW,SONATSOFTW,Sonata Software Ltd,Systems integration,2025-12-31,2025Q4,345751093.0,15980121.0,30805800000.0,1423800000.0,89.0982,INTEGRATED_FILING_INDAS_1620381_06022026060940_WEB.xml
NSE:SONATSOFTW,SONATSOFTW,Sonata Software Ltd,Systems integration,2026-03-31,2026Q1,277044195.0,16575527.0,25361900000.0,1517400000.0,91.5446,INTEGRATED_FILING_INDAS_1664588_07052026071122_WEB.xml
NSE:SONATSOFTW,SONATSOFTW,Sonata Software Ltd,Systems integration,2026-06-30,2026Q2,346534863.0,15041416.0,32791000000.0,1423300000.0,94.6254,INTEGRATED_FILING_INDAS_1709466_06082026093912_WEB.xml
NSE:TCS,TCS,Tata Consultancy Services Ltd,IT consulting & application services,2018-09-30,2018Q3,5256236914.0,1393571685.0,368540000000.0,97710000000.0,70.1148,INDAS_39299_47383_11102018062001_WEB.xml
NSE:TCS,TCS,Tata Consultancy Services Ltd,IT consulting & application services,2018-12-31,2018Q4,5176135269.0,1325849208.0,373380000000.0,95640000000.0,72.1349,INDAS_41497_72104_15012019030731_WEB.xml
NSE:TCS,TCS,Tata Consultancy Services Ltd,IT consulting & application services,2019-03-31,2019Q1,5397836605.0,1354358529.0,380100000000.0,95370000000.0,70.4171,INDAS_43557_92829_12042019082945_WEB.xml
NSE:TCS,TCS,Tata Consultancy Services Ltd,IT consulting & application services,2019-06-30,2019Q2,5489988523.0,1326042497.0,381720000000.0,92200000000.0,69.5302,INDAS_45965_112683_09072019063209_WEB.xml
NSE:TCS,TCS,Tata Consultancy Services Ltd,IT consulting & application services,2019-09-30,2019Q3,5537685586.0,1329970874.0,389770000000.0,93610000000.0,70.385,INDAS_48556_143595_10102019074935_WEB.xml
NSE:TCS,TCS,Tata Consultancy Services Ltd,IT consulting & application services,2019-12-31,2019Q4,5596874491.0,1400693184.0,398540000000.0,99740000000.0,71.2076,INDAS_51504_204999_17012020052428_WEB.xml
NSE:TCS,TCS,Tata Consultancy Services Ltd,IT consulting & application services,2020-03-31,2020Q1,5508592610.0,1382457340.0,399460000000.0,100250000000.0,72.5158,INDAS_54905_240070_16042020082728_WEB.xml
NSE:TCS,TCS,Tata Consultancy Services Ltd,IT consulting & application services,2020-06-30,2020Q2,5052320162.0,1192875968.0,383220000000.0,90480000000.0,75.8503,INDAS_57694_277616_09072020075501_WEB.xml
NSE:TCS,TCS,Tata Consultancy Services Ltd,IT consulting & application services,2020-09-30,2020Q3,5398233183.0,1250464032.0,401350000000.0,92970000000.0,74.3484,INDAS_62037_328950_07102020090804_WEB.xml
NSE:TCS,TCS,Tata Consultancy Services Ltd,IT consulting & application services,2020-12-31,2020Q4,5694339408.0,1515779887.0,420150000000.0,111840000000.0,73.7838,INDAS_65942_381480_08012021084947_WEB.xml
NSE:TCS,TCS,Tata Consultancy Services Ltd,IT consulting & application services,2021-03-31,2021Q1,5995009760.0,1609551413.0,437050000000.0,117340000000.0,72.9023,INDAS_69326_430707_12042021110550_WEB.xml
NSE:TCS,TCS,Tata Consultancy Services Ltd,IT consulting & application services,2021-06-30,2021Q2,6154477924.0,1570502526.0,454110000000.0,115880000000.0,73.7853,INDAS_72985_476613_08072021075049_WEB.xml
NSE:TCS,TCS,Tata Consultancy Services Ltd,IT consulting & application services,2021-09-30,2021Q3,6325087385.0,1619498765.0,468670000000.0,120000000000.0,74.097,INDAS_76336_526098_08102021100830_WEB.xml
NSE:TCS,TCS,Tata Consultancy Services Ltd,IT consulting & application services,2021-12-31,2021Q4,6523375261.0,1632945547.0,488850000000.0,122370000000.0,74.9382,INDAS_80070_585510_12012022114636_WEB.xml
NSE:TCS,TCS,Tata Consultancy Services Ltd,IT consulting & application services,2022-03-31,2022Q1,6723878534.0,1678344728.0,505910000000.0,126280000000.0,75.2408,INDAS_83500_631239_12042022125732_WEB.xml
NSE:TCS,TCS,Tata Consultancy Services Ltd,IT consulting & application services,2022-06-30,2022Q2,6835257064.0,1578802126.0,527580000000.0,121860000000.0,77.1851,INDAS_87322_682638_08072022082614_WEB.xml
NSE:TCS,TCS,Tata Consultancy Services Ltd,IT consulting & application services,2022-09-30,2022Q3,6932837626.0,1664487712.0,553090000000.0,132790000000.0,79.7783,INDAS_755388_5244_11102022142903_WEB.xml
NSE:TCS,TCS,Tata Consultancy Services Ltd,IT consulting & application services,2022-12-31,2022Q4,7087794980.0,1738687999.0,582290000000.0,142840000000.0,82.1539,INDAS_87395_760595_10012023035955_WEB.xml
NSE:TCS,TCS,Tata Consultancy Services Ltd,IT consulting & application services,2023-03-31,2023Q1,7197411161.0,1762551856.0,591620000000.0,144880000000.0,82.199,INDAS_90701_817055_13042023124544.xml
NSE:TCS,TCS,Tata Consultancy Services Ltd,IT consulting & application services,2023-06-30,2023Q2,7226691331.0,1673988974.0,593810000000.0,137550000000.0,82.169,INDAS_94156_882120_12072023084527.xml
NSE:TCS,TCS,Tata Consultancy Services Ltd,IT consulting & application services,2023-09-30,2023Q3,7219126840.0,1751568284.0,596920000000.0,144830000000.0,82.6859,INDAS_97534_948104_11102023102856.xml
NSE:TCS,TCS,Tata Consultancy Services Ltd,IT consulting & application services,2023-12-31,2023Q4,7277683077.0,1705449823.0,605830000000.0,141970000000.0,83.2449,INDAS_101016_1017393_11012024083939.xml
NSE:TCS,TCS,Tata Consultancy Services Ltd,IT consulting & application services,2024-03-31,2024Q1,7375419284.0,1917173019.0,612370000000.0,159180000000.0,83.0285,INDAS_104549_1090527_12042024090154.xml
NSE:TCS,TCS,Tata Consultancy Services Ltd,IT consulting & application services,2024-06-30,2024Q2,7506428893.0,1851281283.0,626130000000.0,154420000000.0,83.4125,INDAS_108962_1181103_11072024081006.xml
NSE:TCS,TCS,Tata Consultancy Services Ltd,IT consulting & application services,2024-09-30,2024Q3,7672331656.0,1846474565.0,642590000000.0,154650000000.0,83.7542,INDAS_112733_1265368_10102024065944.xml
NSE:TCS,TCS,Tata Consultancy Services Ltd,IT consulting & application services,2024-12-31,2024Q4,7576884539.0,1854396092.0,639730000000.0,156570000000.0,84.4318,INDAS_117182_1341298_09012025093940.xml
NSE:TCS,TCS,Tata Consultancy Services Ltd,IT consulting & application services,2025-03-31,2025Q1,7445431462.0,1801457470.0,644790000000.0,156010000000.0,86.6021,INTEGRATED_FILING_INDAS_1412101_11042025074137_WEB.xml
NSE:TCS,TCS,Tata Consultancy Services Ltd,IT consulting & application services,2025-06-30,2025Q2,7414181813.0,1813194455.0,634370000000.0,155140000000.0,85.5617,INTEGRATED_FILING_INDAS_1480382_10072025064011_WEB.xml
NSE:TCS,TCS,Tata Consultancy Services Ltd,IT consulting & application services,2025-09-30,2025Q3,7534041101.0,1766748039.0,657990000000.0,154300000000.0,87.3356,INTEGRATED_FILING_INDAS_1543879_09102025115624_WEB.xml
NSE:TCS,TCS,Tata Consultancy Services Ltd,IT consulting & application services,2025-12-31,2025Q4,7529557275.0,1514957653.0,670870000000.0,134980000000.0,89.0982,INTEGRATED_FILING_INDAS_1599094_12012026064316_WEB.xml
NSE:TCS,TCS,Tata Consultancy Services Ltd,IT consulting & application services,2026-03-31,2026Q1,7722793043.0,1952053972.0,706980000000.0,178700000000.0,91.5446,INTEGRATED_FILING_INDAS_1648408_09042026114218_WEB.xml
NSE:TCS,TCS,Tata Consultancy Services Ltd,IT consulting & application services,2026-06-30,2026Q2,7638012627.0,1759464161.0,722750000000.0,166490000000.0,94.6254,INTEGRATED_FILING_INDAS_1690004_09072026063620_WEB.xml
NSE:TECHM,TECHM,Tech Mahindra Ltd,IT consulting & application services,2018-03-31,2018Q1,1251036771.0,172917838.0,80545000000.0,11132900000.0,64.3826,INDAS_35786_11758_25052018092210_WEB_2.xml
NSE:TECHM,TECHM,Tech Mahindra Ltd,IT consulting & application services,2018-09-30,2018Q3,1230816989.0,186985273.0,86298487000.0,13110435000.0,70.1148,INDAS_39760_56321_30102018081731_WEB_2.xml
NSE:TECHM,TECHM,Tech Mahindra Ltd,IT consulting & application services,2018-12-31,2018Q4,1239859416.0,197664806.0,89437135000.0,14258531000.0,72.1349,INDAS_42261_79786_05022019054818_WEB.xml
NSE:TECHM,TECHM,Tech Mahindra Ltd,IT consulting & application services,2019-03-31,2019Q1,1262802998.0,190442975.0,88922925000.0,13410442000.0,70.4171,INDAS_44495_103291_21052019045020_WEB.xml
NSE:TECHM,TECHM,Tech Mahindra Ltd,IT consulting & application services,2019-06-30,2019Q2,1244499369.0,141669231.0,86530290000.0,9850290000.0,69.5302,INDAS_46418_126524_30072019055303_WEB.xml
NSE:TECHM,TECHM,Tech Mahindra Ltd,IT consulting & application services,2019-09-30,2019Q3,1288610656.0,164763245.0,90698861000.0,11596861000.0,70.385,INDAS_49264_160102_05112019051804_WEB.xml
NSE:TECHM,TECHM,Tech Mahindra Ltd,IT consulting & application services,2019-12-31,2019Q4,1355835908.0,165569700.0,96545821000.0,11789821000.0,71.2076,INDAS_52091_213389_31012020041705_WEB.xml
NSE:TECHM,TECHM,Tech Mahindra Ltd,IT consulting & application services,2020-03-31,2020Q1,1308705413.0,101161678.0,94901820000.0,7335820000.0,72.5158,INDAS_54971_246285_30042020071904_WEB.xml
NSE:TECHM,TECHM,Tech Mahindra Ltd,IT consulting & application services,2020-06-30,2020Q2,1200568554.0,120954274.0,91063485000.0,9174418000.0,75.8503,INDAS_58293_297432_27072020052229_WEB.xml
NSE:TECHM,TECHM,Tech Mahindra Ltd,IT consulting & application services,2020-09-30,2020Q3,1260519083.0,179107916.0,93717577000.0,13316387000.0,74.3484,INDAS_62384_350383_24102020021736_WEB.xml
NSE:TECHM,TECHM,Tech Mahindra Ltd,IT consulting & application services,2020-12-31,2020Q4,1307476180.0,208389321.0,96470561000.0,15375756000.0,73.7838,INDAS_66658_400166_29012021065535_WEB.xml
NSE:TECHM,TECHM,Tech Mahindra Ltd,IT consulting & application services,2021-03-31,2021Q1,1334649250.0,213052263.0,97299000000.0,15532000000.0,72.9023,INDAS_69440_443815_26042021082727_WEB.xml
NSE:TECHM,TECHM,Tech Mahindra Ltd,IT consulting & application services,2021-06-30,2021Q2,1382063907.0,209404854.0,101976000000.0,15451000000.0,73.7853,INDAS_73626_497244_29072021041816_WEB.xml
NSE:TECHM,TECHM,Tech Mahindra Ltd,IT consulting & application services,2021-09-30,2021Q3,1468527133.0,222876162.0,108813455000.0,16514455000.0,74.097,INDAS_76706_545757_25102021062708_WEB.xml
NSE:TECHM,TECHM,Tech Mahindra Ltd,IT consulting & application services,2021-12-31,2021Q4,1528029123.0,226476643.0,114507752000.0,16971752000.0,74.9382,INDAS_80938_601731_01022022045109_WEB.xml
NSE:TECHM,TECHM,Tech Mahindra Ltd,IT consulting & application services,2022-03-31,2022Q1,1610333237.0,213798737.0,121162761000.0,16086388000.0,75.2408,INDAS_84436_654346_13052022064017_WEB.xml
NSE:TECHM,TECHM,Tech Mahindra Ltd,IT consulting & application services,2022-09-30,2022Q3,1645742414.0,182087372.0,131294532000.0,14526621000.0,79.7783,INDAS_828061_5373_01112022190158_WEB.xml
NSE:TECHM,TECHM,Tech Mahindra Ltd,IT consulting & application services,2022-12-31,2022Q4,1671808703.0,199244394.0,137345605000.0,16368704000.0,82.1539,INDAS_88083_781013_30012023065849_WEB.xml
NSE:TECHM,TECHM,Tech Mahindra Ltd,IT consulting & application services,2023-03-31,2023Q1,1668904792.0,159708938.0,137182305000.0,13127915000.0,82.199,INDAS_90931_834167_27042023091314.xml
NSE:TECHM,TECHM,Tech Mahindra Ltd,IT consulting & application services,2023-06-30,2023Q2,1601452689.0,108481252.0,131589766000.0,8913796000.0,82.169,INDAS_94611_900862_26072023065557.xml
NSE:TECHM,TECHM,Tech Mahindra Ltd,IT consulting & application services,2023-09-30,2023Q3,1555757027.0,54253023.0,128639170000.0,4485960000.0,82.6859,INDAS_97930_967792_26102023033029.xml
NSE:TECHM,TECHM,Tech Mahindra Ltd,IT consulting & application services,2023-12-31,2023Q4,1573830541.0,85033918.0,131013366000.0,7078640000.0,83.2449,INDAS_101472_1035429_24012024084524.xml
NSE:TECHM,TECHM,Tech Mahindra Ltd,IT consulting & application services,2024-03-31,2024Q1,1550220912.0,77575784.0,128712517000.0,6441001000.0,83.0285,INDAS_104717_1108423_25042024082515.xml
NSE:TECHM,TECHM,Tech Mahindra Ltd,IT consulting & application services,2024-06-30,2024Q2,1559175615.0,132147292.0,130054736000.0,11022736000.0,83.4125,INDAS_109510_1202867_25072024075931.xml
NSE:TECHM,TECHM,Tech Mahindra Ltd,IT consulting & application services,2024-09-30,2024Q3,1589558733.0,152944784.0,133132220000.0,12809768000.0,83.7542,INDAS_112909_1279319_19102024062523.xml
NSE:TECHM,TECHM,Tech Mahindra Ltd,IT consulting & application services,2024-12-31,2024Q4,1573530731.0,160698126.0,132856032000.0,13568032000.0,84.4318,INDAS_117316_1349320_17012025041910.xml
NSE:TECHM,TECHM,Tech Mahindra Ltd,IT consulting & application services,2025-03-31,2025Q1,1545459175.0,158979517.0,133840010000.0,13767960000.0,86.6021,INTEGRATED_FILING_INDAS_1424350_24042025113829_WEB.xml
NSE:TECHM,TECHM,Tech Mahindra Ltd,IT consulting & application services,2025-06-30,2025Q2,1560417804.0,172635654.0,133512000000.0,14771000000.0,85.5617,INTEGRATED_FILING_INDAS_1484394_16072025045335_WEB.xml
NSE:TECHM,TECHM,Tech Mahindra Ltd,IT consulting & application services,2025-09-30,2025Q3,1602427876.0,194250684.0,139949000000.0,16965000000.0,87.3356,INTEGRATED_FILING_INDAS_1548249_14102025093717_WEB.xml
NSE:TECHM,TECHM,Tech Mahindra Ltd,IT consulting & application services,2025-12-31,2025Q4,1615431064.0,181765737.0,143932000000.0,16195000000.0,89.0982,INTEGRATED_FILING_INDAS_1602469_16012026045706_WEB.xml
NSE:TECHM,TECHM,Tech Mahindra Ltd,IT consulting & application services,2026-03-31,2026Q1,1646858471.0,227659523.0,150761000000.0,20841000000.0,91.5446,INTEGRATED_FILING_INDAS_1657298_22042026060207_WEB.xml
NSE:TECHM,TECHM,Tech Mahindra Ltd,IT consulting & application services,2026-06-30,2026Q2,1660431554.0,239248658.0,157119000000.0,22639000000.0,94.6254,INTEGRATED_FILING_INDAS_1694424_16072026054913_WEB.xml
NSE:WIPRO,WIPRO,Wipro Ltd,IT consulting & application services,2018-09-30,2018Q3,2073884544.0,272852522.0,145410000000.0,19131000000.0,70.1148,INDAS_39452_54695_24102018052222_WEB.xml
NSE:WIPRO,WIPRO,Wipro Ltd,IT consulting & application services,2018-12-31,2018Q4,2087685711.0,384820662.0,150595000000.0,27759000000.0,72.1349,INDAS_41586_74959_18012019054155_WEB.xml
NSE:WIPRO,WIPRO,Wipro Ltd,IT consulting & application services,2019-03-31,2019Q1,2153013970.0,383514800.0,151609000000.0,27006000000.0,70.4171,INDAS_43571_95414_16042019052717_WEB.xml
NSE:WIPRO,WIPRO,Wipro Ltd,IT consulting & application services,2019-06-30,2019Q2,2126557956.0,352594988.0,147860000000.0,24516000000.0,69.5302,INDAS_46008_119758_17072019062839_WEB.xml
NSE:WIPRO,WIPRO,Wipro Ltd,IT consulting & application services,2019-09-30,2019Q3,2149690985.0,371471194.0,151306000000.0,26146000000.0,70.385,INDAS_48590_149714_15102019042435_WEB.xml
NSE:WIPRO,WIPRO,Wipro Ltd,IT consulting & application services,2019-12-31,2019Q4,2172591128.0,372249591.0,154705000000.0,26507000000.0,71.2076,INDAS_51417_199638_14012020043319_WEB.xml
NSE:WIPRO,WIPRO,Wipro Ltd,IT consulting & application services,2020-03-31,2020Q1,2172009410.0,350240913.0,157505000000.0,25398000000.0,72.5158,INDAS_54903_239115_15042020051340_WEB.xml
NSE:WIPRO,WIPRO,Wipro Ltd,IT consulting & application services,2020-06-30,2020Q2,1967401579.0,339286727.0,149228000000.0,25735000000.0,75.8503,INDAS_57785_284036_14072020044623_WEB.xml
NSE:WIPRO,WIPRO,Wipro Ltd,IT consulting & application services,2020-09-30,2020Q3,2030534618.0,373901792.0,150967000000.0,27799000000.0,74.3484,INDAS_62077_337127_13102020055816_WEB.xml
NSE:WIPRO,WIPRO,Wipro Ltd,IT consulting & application services,2020-12-31,2020Q4,2123772427.0,450803564.0,156700000000.0,33262000000.0,73.7838,INDAS_65969_387924_13012021045826_WEB.xml
NSE:WIPRO,WIPRO,Wipro Ltd,IT consulting & application services,2021-03-31,2021Q1,2228379626.0,456556240.0,162454000000.0,33284000000.0,72.9023,INDAS_69338_436863_15042021072555_WEB.xml
NSE:WIPRO,WIPRO,Wipro Ltd,IT consulting & application services,2021-06-30,2021Q2,2473717665.0,427497076.0,182524000000.0,31543000000.0,73.7853,INDAS_73057_486270_15072021073439_WEB.xml
NSE:WIPRO,WIPRO,Wipro Ltd,IT consulting & application services,2021-09-30,2021Q3,2654277501.0,458480100.0,196674000000.0,33972000000.0,74.097,INDAS_76363_531645_13102021043558_WEB.xml
NSE:WIPRO,WIPRO,Wipro Ltd,IT consulting & application services,2021-12-31,2021Q4,2710713628.0,458164194.0,203136000000.0,34334000000.0,74.9382,INDAS_80073_585972_13012022012811_WEB.xml
NSE:WIPRO,WIPRO,Wipro Ltd,IT consulting & application services,2022-03-31,2022Q1,2772525013.0,452360953.0,208607000000.0,34036000000.0,75.2408,INDAS_83762_649630_29042022062559_WEB.xml
NSE:WIPRO,WIPRO,Wipro Ltd,IT consulting & application services,2022-09-30,2022Q3,2825292091.0,394167336.0,225397000000.0,31446000000.0,79.7783,INDAS_758643_4799_12102022164916_WEB.xml
NSE:WIPRO,WIPRO,Wipro Ltd,IT consulting & application services,2022-12-31,2022Q4,2827498147.0,441184168.0,232290000000.0,36245000000.0,82.1539,INDAS_87429_765963_13012023045209_WEB.xml
NSE:WIPRO,WIPRO,Wipro Ltd,IT consulting & application services,2023-03-31,2023Q1,2821238701.0,445102738.0,231903000000.0,36587000000.0,82.199,INDAS_90897_833791_27042023044132.xml
NSE:WIPRO,WIPRO,Wipro Ltd,IT consulting & application services,2023-06-30,2023Q2,2778541786.0,420815636.0,228310000000.0,34578000000.0,82.169,INDAS_94164_883190_13072023042333.xml
NSE:WIPRO,WIPRO,Wipro Ltd,IT consulting & application services,2023-09-30,2023Q3,2723064029.0,371973940.0,225159000000.0,30757000000.0,82.6859,INDAS_97653_958108_18102023042520.xml
NSE:WIPRO,WIPRO,Wipro Ltd,IT consulting & application services,2023-12-31,2023Q4,2667442690.0,392468488.0,222051000000.0,32671000000.0,83.2449,INDAS_101019_1018663_12012024041229.xml
NSE:WIPRO,WIPRO,Wipro Ltd,IT consulting & application services,2024-03-31,2024Q1,2674780347.0,428804567.0,222083000000.0,35603000000.0,83.0285,INDAS_104599_1101316_19042024043901.xml
NSE:WIPRO,WIPRO,Wipro Ltd,IT consulting & application services,2024-06-30,2024Q2,2633154503.0,434611119.0,219638000000.0,36252000000.0,83.4125,INDAS_109138_1194523_19072024035821.xml
NSE:WIPRO,WIPRO,Wipro Ltd,IT consulting & application services,2024-09-30,2024Q3,2662744077.0,438485473.0,223016000000.0,36725000000.0,83.7542,INDAS_112831_1274949_17102024043201.xml
NSE:WIPRO,WIPRO,Wipro Ltd,IT consulting & application services,2024-12-31,2024Q4,2643411606.0,457564567.0,223188000000.0,38633000000.0,84.4318,INDAS_117318_1349352_17012025042601.xml
NSE:WIPRO,WIPRO,Wipro Ltd,IT consulting & application services,2025-03-31,2025Q1,2598574399.0,450601082.0,225042000000.0,39023000000.0,86.6021,INTEGRATED_FILING_INDAS_1416343_16042025071015_WEB.xml
NSE:WIPRO,WIPRO,Wipro Ltd,IT consulting & application services,2025-06-30,2025Q2,2586975247.0,414624768.0,221346000000.0,35476000000.0,85.5617,INTEGRATED_FILING_INDAS_1485419_17072025040852_WEB.xml
NSE:WIPRO,WIPRO,Wipro Ltd,IT consulting & application services,2025-09-30,2025Q3,2598860030.0,421443260.0,226973000000.0,36807000000.0,87.3356,INTEGRATED_FILING_INDAS_1550259_16102025040151_WEB.xml
NSE:WIPRO,WIPRO,Wipro Ltd,IT consulting & application services,2025-12-31,2025Q4,2643802007.0,391859768.0,235558000000.0,34914000000.0,89.0982,INTEGRATED_FILING_INDAS_1602288_16012026035624_WEB.xml
NSE:WIPRO,WIPRO,Wipro Ltd,IT consulting & application services,2026-03-31,2026Q1,2647485488.0,456695425.0,242363000000.0,41808000000.0,91.5446,INTEGRATED_FILING_INDAS_1652358_16042026045942_WEB.xml
NSE:WIPRO,WIPRO,Wipro Ltd,IT consulting & application services,2026-06-30,2026Q2,2586895273.0,404627087.0,244786000000.0,38288000000.0,94.6254,INTEGRATED_FILING_INDAS_1694191_16072026040508_WEB.xml
NSE:ZENSARTECH,ZENSARTECH,Zensar Technologies Ltd,IT consulting & application services,2018-06-30,2018Q2,135025694.0,14647958.0,9046600000.0,981400000.0,66.9991,INDAS_38232_33107_10082018114700_WEB.xml
NSE:ZENSARTECH,ZENSARTECH,Zensar Technologies Ltd,IT consulting & application services,2018-09-30,2018Q3,138160560.0,14326505.0,9687100000.0,1004500000.0,70.1148,INDAS_39447_54672_24102018050308_WEB.xml
NSE:ZENSARTECH,ZENSARTECH,Zensar Technologies Ltd,IT consulting & application services,2018-12-31,2018Q4,143557418.0,12017761.0,10355500000.0,866900000.0,72.1349,INDAS_41611_76579_22012019113859_WEB.xml
NSE:ZENSARTECH,ZENSARTECH,Zensar Technologies Ltd,IT consulting & application services,2019-03-31,2019Q1,150163810.0,14869968.0,10574100000.0,1047100000.0,70.4171,INDAS_43704_100093_30042019063032_WEB.xml
NSE:ZENSARTECH,ZENSARTECH,Zensar Technologies Ltd,IT consulting & application services,2019-06-30,2019Q2,154036663.0,15514122.0,10710200000.0,1078700000.0,69.5302,INDAS_46822_128392_07082019011116_WEB.xml
NSE:ZENSARTECH,ZENSARTECH,Zensar Technologies Ltd,IT consulting & application services,2019-09-30,2019Q3,152344960.0,15844285.0,10722800000.0,1115200000.0,70.385,INDAS_48723_156571_22102019050543_WEB.xml
NSE:ZENSARTECH,ZENSARTECH,Zensar Technologies Ltd,IT consulting & application services,2019-12-31,2019Q4,143325993.0,3991147.0,10205900000.0,284200000.0,71.2076,INDAS_51683_210530_24012020033112_WEB.xml
NSE:ZENSARTECH,ZENSARTECH,Zensar Technologies Ltd,IT consulting & application services,2020-03-31,2020Q1,140354240.0,13801130.0,10177900000.0,1000800000.0,72.5158,INDAS_55133_257711_15052020025826_WEB.xml
NSE:ZENSARTECH,ZENSARTECH,Zensar Technologies Ltd,IT consulting & application services,2020-06-30,2020Q2,130683728.0,13005881.0,9912400000.0,986500000.0,75.8503,INDAS_58141_296093_24072020032135_WEB.xml
NSE:ZENSARTECH,ZENSARTECH,Zensar Technologies Ltd,IT consulting & application services,2020-09-30,2020Q3,131737872.0,7025033.0,9794500000.0,522300000.0,74.3484,INDAS_62649_352583_30102020025108_WEB.xml
NSE:ZENSARTECH,ZENSARTECH,Zensar Technologies Ltd,IT consulting & application services,2020-12-31,2020Q4,126641621.0,24806258.0,9344100000.0,1830300000.0,73.7838,INDAS_66222_397512_22012021050438_WEB.xml
NSE:ZENSARTECH,ZENSARTECH,Zensar Technologies Ltd,IT consulting & application services,2021-06-30,2021Q2,126962959.0,17618686.0,9368000000.0,1300000000.0,73.7853,INDAS_73399_495812_27072021123439_WEB.xml
NSE:ZENSARTECH,ZENSARTECH,Zensar Technologies Ltd,IT consulting & application services,2021-09-30,2021Q3,141787117.0,15439222.0,10506000000.0,1144000000.0,74.097,INDAS_76858_546868_27102021053754_WEB.xml
NSE:ZENSARTECH,ZENSARTECH,Zensar Technologies Ltd,IT consulting & application services,2021-12-31,2021Q4,147121228.0,14825550.0,11025000000.0,1111000000.0,74.9382,INDAS_80460_598747_25012022051350_WEB.xml
NSE:ZENSARTECH,ZENSARTECH,Zensar Technologies Ltd,IT consulting & application services,2022-03-31,2022Q1,153347652.0,15443749.0,11538000000.0,1162000000.0,75.2408,INDAS_84230_652942_11052022022159_WEB.xml
NSE:ZENSARTECH,ZENSARTECH,Zensar Technologies Ltd,IT consulting & application services,2022-06-30,2022Q2,155910921.0,11284561.0,12034000000.0,871000000.0,77.1851,INDAS_634357_2421_06082022113025_WEB.xml
NSE:ZENSARTECH,ZENSARTECH,Zensar Technologies Ltd,IT consulting & application services,2022-09-30,2022Q3,154753862.0,7044522.0,12346000000.0,562000000.0,79.7783,INDAS_785967_4762_21102022152632_WEB.xml
NSE:ZENSARTECH,ZENSARTECH,Zensar Technologies Ltd,IT consulting & application services,2022-12-31,2022Q4,145775185.0,10370780.0,11976000000.0,852000000.0,82.1539,INDAS_87808_778500_25012023010748_WEB.xml
NSE:ZENSARTECH,ZENSARTECH,Zensar Technologies Ltd,IT consulting & application services,2023-03-31,2023Q1,147520043.0,17116997.0,12126000000.0,1407000000.0,82.199,INDAS_91588_841373_12052023034558.xml
NSE:ZENSARTECH,ZENSARTECH,Zensar Technologies Ltd,IT consulting & application services,2023-06-30,2023Q2,149350728.0,22855335.0,12272000000.0,1878000000.0,82.169,INDAS_94329_896565_21072023115528.xml
NSE:ZENSARTECH,ZENSARTECH,Zensar Technologies Ltd,IT consulting & application services,2023-09-30,2023Q3,150061861.0,23498565.0,12408000000.0,1943000000.0,82.6859,INDAS_97655_958206_18102023044344.xml
NSE:ZENSARTECH,ZENSARTECH,Zensar Technologies Ltd,IT consulting & application services,2023-12-31,2023Q4,144645498.0,21190487.0,12041000000.0,1764000000.0,83.2449,INDAS_101314_1033749_23012024035300.xml
NSE:ZENSARTECH,ZENSARTECH,Zensar Technologies Ltd,IT consulting & application services,2024-03-31,2024Q1,148105771.0,21594994.0,12297000000.0,1793000000.0,83.0285,INDAS_104749_1108762_26042024124323.xml
NSE:ZENSARTECH,ZENSARTECH,Zensar Technologies Ltd,IT consulting & application services,2024-06-30,2024Q2,154425296.0,20560468.0,12881000000.0,1715000000.0,83.4125,INDAS_109309_1200303_23072024053758.xml
NSE:ZENSARTECH,ZENSARTECH,Zensar Technologies Ltd,IT consulting & application services,2024-09-30,2024Q3,156171273.0,20452706.0,13080000000.0,1713000000.0,83.7542,INDAS_113072_1285731_23102024022303.xml
NSE:ZENSARTECH,ZENSARTECH,Zensar Technologies Ltd,IT consulting & application services,2024-12-31,2024Q4,157002456.0,21709830.0,13256000000.0,1833000000.0,84.4318,INDAS_117538_1359195_23012025031838.xml
NSE:ZENSARTECH,ZENSARTECH,Zensar Technologies Ltd,IT consulting & application services,2025-03-31,2025Q1,156913054.0,21789310.0,13589000000.0,1887000000.0,86.6021,INTEGRATED_FILING_INDAS_1425307_25042025080438_WEB.xml
NSE:ZENSARTECH,ZENSARTECH,Zensar Technologies Ltd,IT consulting & application services,2025-06-30,2025Q2,161871492.0,21914011.0,13850000000.0,1875000000.0,85.5617,INTEGRATED_FILING_INDAS_1490363_22072025042445_WEB.xml
NSE:ZENSARTECH,ZENSARTECH,Zensar Technologies Ltd,IT consulting & application services,2025-09-30,2025Q3,162740051.0,22304765.0,14213000000.0,1948000000.0,87.3356,INTEGRATED_FILING_INDAS_1562923_31102025074309_WEB.xml
NSE:ZENSARTECH,ZENSARTECH,Zensar Technologies Ltd,IT consulting & application services,2025-12-31,2025Q4,160575635.0,22918533.0,14307000000.0,2042000000.0,89.0982,INTEGRATED_FILING_INDAS_1608755_22012026094721_WEB.xml
NSE:ZENSARTECH,ZENSARTECH,Zensar Technologies Ltd,IT consulting & application services,2026-03-31,2026Q1,158436434.0,23311042.0,14504000000.0,2134000000.0,91.5446,INTEGRATED_FILING_INDAS_1658369_24042026034849_WEB.xml
NSE:ZENSARTECH,ZENSARTECH,Zensar Technologies Ltd,IT consulting & application services,2026-06-30,2026Q2,159396948.0,20332807.0,15083000000.0,1924000000.0,94.6254,INTEGRATED_FILING_INDAS_1704555_29072026083402_WEB.xml
