cik,ticker,name,sic,segment,filer_category,added_by_name
2135,,AFFILIATED COMPUTER SERVICES INC,7374,Data processing & managed services,,False
8670,ADP,AUTOMATIC DATA PROCESSING INC,7374,Data processing & managed services,Large accelerated filer,False
16058,CACI,CACI INTERNATIONAL INC /DE/,7373,Systems integration,Large accelerated filer,False
23082,,COMPUTER SCIENCES CORP,7373,Systems integration,Large Accelerated,False
23111,,COMPUTER TASK GROUP INC,7371,IT consulting & application services,Accelerated filer<br>Smaller reporting company,False
36047,,"CORELOGIC, INC.",7374,Data processing & managed services,Large accelerated filer,False
50471,TRAK,"ReposiTrak, Inc.",7374,Data processing & managed services,Non-accelerated filer<br>Smaller reporting company,False
78749,AGYS,AGILYSYS INC,7373,Systems integration,Large accelerated filer,False
98338,,TSR INC,7371,IT consulting & application services,Non-accelerated filer<br>Smaller reporting company,False
275880,PSN,PARSONS CORP,7373,Systems integration,Large accelerated filer,False
278165,OMQS,OMNIQ Corp.,7373,Systems integration,Non-accelerated filer<br>Smaller reporting company,False
320121,TLS,TELOS CORP,7373,Systems integration,Accelerated filer<br>Smaller reporting company,False
353394,,"Leidos, Inc.",7373,Systems integration,,False
356037,CSPI,CSP INC /MA/,7373,Systems integration,Non-accelerated filer<br>Smaller reporting company,False
701811,,MENTOR GRAPHICS CORP,7373,Systems integration,Large Accelerated<br>Well Known Seasoned Issuer,False
708818,,"NEXTGEN HEALTHCARE, INC.",7373,Systems integration,Large accelerated filer,False
714603,,DST SYSTEMS INC,7374,Data processing & managed services,Large accelerated filer,False
733269,RAMP,"LiveRamp Holdings, Inc.",7374,Data processing & managed services,Large accelerated filer,False
746210,TWAV,"TaoWeave, Inc.",7370,IT consulting & application services,Non-accelerated filer<br>Smaller reporting company,False
746838,UIS,UNISYS CORP,7373,Systems integration,Accelerated filer,False
750004,LNWO,"Light & Wonder, Inc.",7373,Systems integration,Large accelerated filer,False
779152,JKHY,JACK HENRY & ASSOCIATES INC,7373,Systems integration,Large accelerated filer,False
802257,MITI,"Mitesco, Inc.",7370,IT consulting & application services,Non-accelerated filer<br>Smaller reporting company,False
804753,,CERNER Corp,7373,Systems integration,Large accelerated filer,False
814549,,EBIX INC,7373,Systems integration,Accelerated filer,False
819926,SEII,SHARING ECONOMY INTERNATIONAL INC.,7373,Systems integration,Non-accelerated filer<br>Smaller reporting company<br>Emerging growth company,False
836690,IA,INNOVATIVE SOLUTIONS & SUPPORT INC,7371,IT consulting & application services,Non-accelerated filer<br>Smaller reporting company,False
855612,,ZIX CORP,7374,Data processing & managed services,Accelerated filer,False
869531,,Advantego Corp,7374,Data processing & managed services,Non-accelerated filer<br>Smaller reporting company,False
884144,ASUR,ASURE SOFTWARE INC,7373,Systems integration,Accelerated filer,False
891103,MTCH,"Match Group, Inc.",7370,IT consulting & application services,Large accelerated filer,False
894501,GRHI,"GOLD ROCK HOLDINGS, INC.",7373,Systems integration,Non-accelerated filer<br>Smaller reporting company,False
903651,INOD,INNODATA INC,7374,Data processing & managed services,Non-accelerated filer,False
909494,TCX,TUCOWS INC /PA/,7374,Data processing & managed services,Accelerated filer,False
918581,,"CMTSU Liquidation, Inc.",7371,IT consulting & application services,Accelerated filer,False
923601,RIME,"Algorhythm Holdings, Inc.",7373,Systems integration,Non-accelerated filer<br>Smaller reporting company,False
929940,,ASPENTECH Corp,7371,IT consulting & application services,Large accelerated filer,False
944765,,MERGE HEALTHCARE INC,7373,Systems integration,Accelerated filer,False
945384,,CICERO INC,7371,IT consulting & application services,Non-accelerated filer<br>Smaller reporting company,False
1002225,,ADVENT SOFTWARE INC /DE/,7371,IT consulting & application services,Large accelerated filer,False
1002638,OTEX,OPEN TEXT CORP,7373,Systems integration,Large accelerated filer,False
1005757,,CSG SYSTEMS INTERNATIONAL INC,7374,Data processing & managed services,Large accelerated filer,False
1006892,,JDA SOFTWARE GROUP INC,7371,IT consulting & application services,Large Accelerated,False
1007456,,ELECTRONIC DATA SYSTEMS CORP /DE/,7370,IT consulting & application services,,False
1008586,,STREAMLINE HEALTH SOLUTIONS INC.,7373,Systems integration,Non-accelerated filer<br>Smaller reporting company,False
1008817,,SAPIENT CORP,7373,Systems integration,Large accelerated filer,False
1010612,,SYKES ENTERPRISES INC,7373,Systems integration,Large accelerated filer,False
1013237,FDS,FACTSET RESEARCH SYSTEMS INC,7370,IT consulting & application services,Large accelerated filer,False
1013857,PEGA,PEGASYSTEMS INC,7374,Data processing & managed services,Large accelerated filer,False
1014052,DTGI,"Digerati Technologies, Inc.",7374,Data processing & managed services,Non-accelerated filer<br>Smaller reporting company,False
1014473,VRSN,VERISIGN INC/CA,7371,IT consulting & application services,Large accelerated filer,False
1017968,,EDGEWATER TECHNOLOGY INC/DE/,7370,IT consulting & application services,Accelerated filer,False
1022505,SDCH,"SideChannel, Inc.",7374,Data processing & managed services,Non-accelerated filer<br>Smaller reporting company,False
1023364,,"AutoWeb, Inc.",7370,IT consulting & application services,Non-accelerated filer<br>Smaller reporting company,False
1023459,SLP,"Simulations Plus, Inc.",7373,Systems integration,Non-accelerated filer<br>Smaller reporting company,False
1023731,EGHT,8X8 INC /DE/,7374,Data processing & managed services,Accelerated filer,False
1027443,,MACROVISION CORP,7373,Systems integration,,False
1034760,WYY,WIDEPOINT CORP,7373,Systems integration,Non-accelerated filer<br>Smaller reporting company,False
1035748,,CALLIDUS SOFTWARE INC,7371,IT consulting & application services,Large accelerated filer,False
1040426,,SYNTEL INC,7371,IT consulting & application services,Large accelerated filer,False
1044777,OSPN,OneSpan Inc.,7373,Systems integration,Accelerated filer,False
1046327,,REALNETWORKS INC,7371,IT consulting & application services,Non-accelerated filer<br>Smaller reporting company,False
1052054,,"Symbolic Logic, Inc.",7371,IT consulting & application services,Non-accelerated filer<br>Smaller reporting company,False
1053374,,IPASS INC,7374,Data processing & managed services,Accelerated filer,False
1056386,,Internap Corp,7370,IT consulting & application services,Accelerated filer<br>Smaller reporting company,False
1056923,,DATALINK CORP,7373,Systems integration,Accelerated filer,False
1058290,CTSH,COGNIZANT TECHNOLOGY SOLUTIONS CORP,7371,IT consulting & application services,Large accelerated filer,False
1062047,,CONCENTRIX CVG Corp,7373,Systems integration,Large accelerated filer,False
1078075,NTCT,NETSCOUT SYSTEMS INC,7373,Systems integration,Large accelerated filer,False
1082733,VISM,"VISIUM TECHNOLOGIES, INC.",7371,IT consulting & application services,Non-accelerated filer<br>Smaller reporting company,False
1084384,,PARETEUM Corp,7373,Systems integration,Non-accelerated filer<br>Smaller reporting company,False
1085621,,Actua Corp,7371,IT consulting & application services,Accelerated filer,False
1085869,,PERFICIENT INC,7371,IT consulting & application services,Large accelerated filer,False
1087423,,RED HAT INC,7370,IT consulting & application services,Large accelerated filer,False
1093636,,"Saxon Capital Group, Inc./DE",7374,Data processing & managed services,Non-accelerated filer<br>Smaller reporting company<br>Emerging growth company,False
1094348,,Mattersight Corp,7373,Systems integration,Accelerated filer,False
1095277,,INTERSECTIONS INC,7374,Data processing & managed services,Non-accelerated filer<br>Smaller reporting company,False
1095565,HSTM,HEALTHSTREAM INC,7370,IT consulting & application services,Accelerated filer,False
1102541,,"EarthLink Holdings, LLC",7370,IT consulting & application services,Large accelerated filer,False
1102942,,"InnovaQor, Inc.",7373,Systems integration,<br>Emerging growth company,False
1104188,,SOHU COM INC,7374,Data processing & managed services,Large accelerated filer,False
1104855,,"Support.com, Inc.",7374,Data processing & managed services,Non-accelerated filer<br>Smaller reporting company,False
1105472,,"Sonus, Inc.",7373,Systems integration,Accelerated filer,False
1107694,,"RACKSPACE HOSTING, INC.",7370,IT consulting & application services,Large accelerated filer,False
1118417,,"MODEL N, INC.",7370,IT consulting & application services,Large accelerated filer,False
1124804,,Veradigm Inc.,7373,Systems integration,Accelerated filer,False
1131554,,SYNCHRONOSS TECHNOLOGIES INC,7371,IT consulting & application services,Accelerated filer,False
1131903,FCCN,SPECTRAL CAPITAL Corp,7374,Data processing & managed services,Non-accelerated filer<br>Smaller reporting company,False
1142701,,UNITED ONLINE INC,7370,IT consulting & application services,Accelerated filer,False
1144879,APLD,Applied Digital Corp.,7374,Data processing & managed services,Large accelerated filer,False
1166388,,VERINT SYSTEMS INC,7373,Systems integration,Large accelerated filer,False
1169445,,"TruBridge, Inc.",7371,IT consulting & application services,Accelerated filer<br>Smaller reporting company,False
1173489,CEVA,CEVA INC,7370,IT consulting & application services,Accelerated filer,False
1182731,,ConneXionONE Corp.,7370,IT consulting & application services,<br>Emerging growth company,False
1207074,,VIRTUSA CORP,7371,IT consulting & application services,Large accelerated filer,False
1210677,FA,FIRST ADVANTAGE CORP,7374,Data processing & managed services,Large accelerated filer,False
1212458,,PROOFPOINT INC,7374,Data processing & managed services,Large accelerated filer,False
1271024,,LINKEDIN CORP,7370,IT consulting & application services,Large accelerated filer,False
1286139,LZ,"LEGALZOOM.COM, INC.",7374,Data processing & managed services,Large accelerated filer,False
1288776,,GOOGLE INC.,7370,IT consulting & application services,Large accelerated filer,False
1288847,FIVN,"Five9, Inc.",7374,Data processing & managed services,Large accelerated filer,False
1295560,,INTREorg SYSTEMS INC.,7373,Systems integration,Non-accelerated filer<br>Smaller reporting company<br>Emerging growth company,False
1313275,,BRIGHTCOVE INC,7374,Data processing & managed services,Accelerated filer,False
1316360,,IHS Inc.,7370,IT consulting & application services,Large accelerated filer,False
1326801,META,"Meta Platforms, Inc.",7370,IT consulting & application services,Large accelerated filer,False
1327318,,"TrueCar, Inc.",7370,IT consulting & application services,Accelerated filer,False
1327688,OOMA,OOMA INC,7374,Data processing & managed services,Accelerated filer,False
1327811,WDAY,"Workday, Inc.",7374,Data processing & managed services,Large accelerated filer,False
1333513,,"Dealertrack Technologies, Inc",7373,Systems integration,Large accelerated filer,False
1336920,LDOS,"Leidos Holdings, Inc.",7373,Systems integration,Large accelerated filer,False
1340127,,Carbonite Inc,7374,Data processing & managed services,Large accelerated filer,False
1352010,EPAM,"EPAM Systems, Inc.",7371,IT consulting & application services,Large accelerated filer,False
1353499,,Max Sound Corp,7374,Data processing & managed services,Non-accelerated filer<br>Smaller reporting company,False
1355839,IPM,INTELLIGENT PROTECTION MANAGEMENT CORP.,7370,IT consulting & application services,Non-accelerated filer<br>Smaller reporting company,False
1356093,CREX,"CREATIVE REALITIES, INC.",7373,Systems integration,Non-accelerated filer<br>Smaller reporting company,False
1365038,,LEAF GROUP LTD.,7374,Data processing & managed services,Non-accelerated filer<br>Smaller reporting company,False
1366246,,GLU MOBILE INC,7371,IT consulting & application services,Large accelerated filer,False
1368761,,"Start Scientific, Inc.",7373,Systems integration,Non-accelerated filer<br>Smaller reporting company<br>Emerging growth company,False
1372414,,"AEROHIVE NETWORKS, INC",7373,Systems integration,Accelerated filer<br>Smaller reporting company<br>Emerging growth company,False
1376321,CNET,ZW Data Action Technologies Inc.,7370,IT consulting & application services,Non-accelerated filer<br>Smaller reporting company,False
1378125,,Toga Ltd,7371,IT consulting & application services,Accelerated filer<br>Smaller reporting company,False
1380277,,"INFRAX SYSTEMS, INC.",7373,Systems integration,Smaller reporting company,False
1381871,,"bowmo, Inc.",7371,IT consulting & application services,Non-accelerated filer<br>Smaller reporting company,False
1384905,RNG,"RingCentral, Inc.",7374,Data processing & managed services,Large accelerated filer,False
1385292,,Monotype Imaging Holdings Inc.,7371,IT consulting & application services,Large accelerated filer,False
1386049,,"Beyond Commerce, Inc.",7374,Data processing & managed services,Non-accelerated filer<br>Smaller reporting company,False
1388295,ONEI,OneMeta Inc.,7374,Data processing & managed services,<br>Emerging growth company,False
1389002,,MARIN SOFTWARE INC,7374,Data processing & managed services,Non-accelerated filer<br>Smaller reporting company,False
1392972,,"PROS Holdings, Inc.",7371,IT consulting & application services,Large accelerated filer,False
1393548,,ClickStream Corp,7374,Data processing & managed services,Non-accelerated filer<br>Smaller reporting company,False
1402453,,Her Imports,7374,Data processing & managed services,Non-accelerated filer<br>Smaller reporting company,False
1408278,,"Synacor, Inc.",7370,IT consulting & application services,Non-accelerated filer<br>Smaller reporting company,False
1413909,,DSG Global Inc.,7373,Systems integration,Non-accelerated filer<br>Smaller reporting company,False
1415605,,Qornerstone Inc.,7374,Data processing & managed services,Non-accelerated filer<br>Smaller reporting company,False
1418091,,"TWITTER, INC.",7370,IT consulting & application services,Large accelerated filer,False
1419582,,BLUE SPHERE CORP.,7370,IT consulting & application services,Smaller reporting company,False
1419951,DTST,Data Storage Corp,7374,Data processing & managed services,Non-accelerated filer<br>Smaller reporting company,False
1422930,PUBM,"PubMatic, Inc.",7370,IT consulting & application services,Accelerated filer,False
1433714,,"CASTLIGHT HEALTH, INC.",7374,Data processing & managed services,Accelerated filer<br>Smaller reporting company,False
1435617,PWDY,"POWERDYNE INTERNATIONAL, INC.",7374,Data processing & managed services,Non-accelerated filer<br>Smaller reporting company<br>Emerging growth company,False
1437491,,"RiskOn International, Inc.",7374,Data processing & managed services,Non-accelerated filer<br>Smaller reporting company,False
1438231,,Old Digimarc CORP,7373,Systems integration,Non-accelerated filer<br>Smaller reporting company,False
1439404,,ZYNGA INC,7374,Data processing & managed services,Large accelerated filer,False
1442145,VRSK,"Verisk Analytics, Inc.",7374,Data processing & managed services,Large accelerated filer,False
1448558,,"GROW CAPITAL, INC.",7371,IT consulting & application services,Non-accelerated filer<br>Smaller reporting company<br>Emerging growth company,False
1454938,TEAD,Teads Holding Co.,7370,IT consulting & application services,Accelerated filer<br>Smaller reporting company,False
1458962,,"MINDBODY, Inc.",7374,Data processing & managed services,Large accelerated filer,False
1462223,NIXX,"Nixxy, Inc.",7371,IT consulting & application services,<br>Emerging growth company,False
1463172,,"Zendesk, Inc.",7374,Data processing & managed services,Large accelerated filer,False
1467373,ACN,Accenture plc,7389,Systems integration,Large accelerated filer,True
1475115,,"Eventbrite, Inc.",7370,IT consulting & application services,Accelerated filer,False
1477960,LMED,LataMed AI Corp.,7370,IT consulting & application services,Non-accelerated filer<br>Smaller reporting company<br>Emerging growth company,False
1482554,HFUS,"Hartford Creative Group, Inc.",7374,Data processing & managed services,Non-accelerated filer<br>Smaller reporting company,False
1487101,,KEYW HOLDING CORP,7373,Systems integration,Accelerated filer,False
1487931,,FISION Corp,7374,Data processing & managed services,Non-accelerated filer<br>Smaller reporting company,False
1494259,CARG,"CarGurus, Inc.",7374,Data processing & managed services,Large accelerated filer,False
1497230,,Fyntechnical Innovations Inc,7374,Data processing & managed services,Non-accelerated filer<br>Smaller reporting company,False
1505611,,"DecisionPoint Systems, Inc.",7370,IT consulting & application services,Non-accelerated filer<br>Smaller reporting company,False
1506293,PINS,"PINTEREST, INC.",7370,IT consulting & application services,Large accelerated filer,False
1510247,,"LGBTQ Loyalty Holdings, Inc.",7374,Data processing & managed services,Non-accelerated filer<br>Smaller reporting company,False
1514056,,Titan Environmental Solutions Inc.,7371,IT consulting & application services,Non-accelerated filer<br>Smaller reporting company,False
1516513,DOCS,"Doximity, Inc.",7371,IT consulting & application services,Large accelerated filer,False
1516805,,"Moxian, Inc.",7370,IT consulting & application services,Non-accelerated filer<br>Smaller reporting company,False
1517389,JFIL,"Jubilant Flame International, Ltd",7371,IT consulting & application services,Non-accelerated filer<br>Smaller reporting company,False
1519177,,SOLLENSYS CORP.,7374,Data processing & managed services,Non-accelerated filer<br>Smaller reporting company<br>Emerging growth company,False
1526520,TRIP,"TripAdvisor, Inc.",7370,IT consulting & application services,Large accelerated filer,False
1528188,WNFT,Worldwide NFT Inc.,7374,Data processing & managed services,Non-accelerated filer<br>Smaller reporting company<br>Emerging growth company,False
1529113,XTIA,"XTI Aerospace, Inc.",7371,IT consulting & application services,Non-accelerated filer<br>Smaller reporting company,False
1538138,,Xgains4keeps Inc,7374,Data processing & managed services,,False
1540184,,"Medallia, Inc.",7370,IT consulting & application services,Large accelerated filer,False
1543272,,"MJ BIOTECH, INC.",7370,IT consulting & application services,Non-accelerated filer<br>Smaller reporting company,False
1546296,IPDN,"Professional Diversity Network, Inc.",7370,IT consulting & application services,Non-accelerated filer<br>Smaller reporting company,False
1549346,SSTK,"Shutterstock, Inc.",7374,Data processing & managed services,Large accelerated filer,False
1554818,AUUD,AUDDIA INC.,7374,Data processing & managed services,<br>Emerging growth company,False
1554875,,"Tintri, Inc.",7374,Data processing & managed services,Non-accelerated filer,False
1555214,,"Wally World Media, Inc",7374,Data processing & managed services,Non-accelerated filer<br>Smaller reporting company<br>Emerging growth company,False
1559865,EVTC,"EVERTEC, Inc.",7374,Data processing & managed services,Large accelerated filer,False
1564408,SNAP,Snap Inc,7370,IT consulting & application services,Large accelerated filer,False
1566469,,"NantHealth, Inc.",7374,Data processing & managed services,Non-accelerated filer<br>Smaller reporting company,False
1568385,BMTM,"Bright Mountain Media, Inc.",7371,IT consulting & application services,Non-accelerated filer<br>Smaller reporting company,False
1568969,LOTT,Techlott Inc.,7371,IT consulting & application services,Non-accelerated filer<br>Smaller reporting company<br>Emerging growth company,False
1571123,SAIC,Science Applications International Corp,7373,Systems integration,Large accelerated filer,False
1575189,,"Match Group Holdings II, LLC",7370,IT consulting & application services,Large accelerated filer,False
1575345,,"BLGI, INC.",7373,Systems integration,Non-accelerated filer<br>Smaller reporting company,False
1577445,ODYS,Odysight.ai Inc.,7373,Systems integration,Non-accelerated filer<br>Smaller reporting company,False
1581760,LIF,"Life360, Inc.",7374,Data processing & managed services,Large accelerated filer,False
1582961,DOCN,"DigitalOcean Holdings, Inc.",7370,IT consulting & application services,Large accelerated filer,False
1584423,,"APX Group Holdings, Inc.",7374,Data processing & managed services,Non-accelerated filer,False
1585521,ZM,"Zoom Communications, Inc.",7370,IT consulting & application services,Large accelerated filer,False
1593184,BRGX,"BIOREGENX, INC.",7370,IT consulting & application services,Non-accelerated filer<br>Smaller reporting company,False
1593773,,AMJ Global Technology,7371,IT consulting & application services,Non-accelerated filer<br>Smaller reporting company,False
1595974,MGNI,"MAGNITE, INC.",7370,IT consulting & application services,Large accelerated filer,False
1596961,RDNW,"RideNow Group, Inc.",7371,IT consulting & application services,Non-accelerated filer<br>Smaller reporting company,False
1597033,SABR,Sabre Corp,7370,IT consulting & application services,Large accelerated filer,False
1598014,,IHS Markit Ltd.,7370,IT consulting & application services,Large accelerated filer,False
1603494,,"PeerLogix, Inc.",7374,Data processing & managed services,Non-accelerated filer<br>Smaller reporting company<br>Emerging growth company,False
1603652,,Urgent.ly Inc.,7374,Data processing & managed services,<br>Emerging growth company,False
1606745,,"Liberty TripAdvisor Holdings, Inc.",7374,Data processing & managed services,Non-accelerated filer<br>Smaller reporting company,False
1609711,GDDY,GoDaddy Inc.,7373,Systems integration,Large accelerated filer,False
1610607,,Jiucaitong Group Ltd,7374,Data processing & managed services,Smaller reporting company,False
1614178,YEXT,"Yext, Inc.",7374,Data processing & managed services,Large accelerated filer,False
1615165,VERI,"Veritone, Inc.",7374,Data processing & managed services,Non-accelerated filer<br>Smaller reporting company,False
1616156,WEWA,"WEWARDS, INC.",7370,IT consulting & application services,Non-accelerated filer<br>Smaller reporting company,False
1617553,ZIP,"ZIPRECRUITER, INC.",7370,IT consulting & application services,Accelerated filer,False
1619227,,"Cloudweb, Inc.",7370,IT consulting & application services,Non-accelerated filer<br>Smaller reporting company,False
1619954,,"Inovalon Holdings, Inc.",7374,Data processing & managed services,Large accelerated filer,False
1621672,SLE,"Super League Enterprise, Inc.",7373,Systems integration,Non-accelerated filer<br>Smaller reporting company,False
1621697,,NATURAL HEALTH FARM HOLDINGS INC,7374,Data processing & managed services,Non-accelerated filer<br>Smaller reporting company<br>Emerging growth company,False
1622231,,BOATIM INC.,7374,Data processing & managed services,Non-accelerated filer<br>Smaller reporting company<br>Emerging growth company,False
1622822,,"Propel Media, Inc.",7374,Data processing & managed services,Smaller reporting company,False
1625278,NRDS,"NERDWALLET, INC.",7374,Data processing & managed services,Accelerated filer<br>Emerging growth company,False
1625376,,FUTURE INTERNATIONAL GROUP CORP.,7373,Systems integration,Non-accelerated filer<br>Smaller reporting company,False
1627475,UPWK,"UPWORK, INC",7374,Data processing & managed services,Large accelerated filer,False
1627611,,12 Retech Corp,7371,IT consulting & application services,Non-accelerated filer<br>Smaller reporting company,False
1628104,,"XSport Global, Inc.",7370,IT consulting & application services,Non-accelerated filer<br>Smaller reporting company,False
1630212,CHGA,Change Agents Corporation.,7371,IT consulting & application services,Non-accelerated filer<br>Smaller reporting company,False
1633369,CAST,"FreeCast, Inc.",7374,Data processing & managed services,Non-accelerated filer<br>Smaller reporting company<br>Emerging growth company,False
1635327,FLUT,Flutter Entertainment plc,7370,IT consulting & application services,Large accelerated filer,False
1635748,,"Zoompass Holdings, Inc.",7374,Data processing & managed services,Non-accelerated filer<br>Smaller reporting company,False
1635965,,4M Carbon Fiber Corp.,7374,Data processing & managed services,Non-accelerated filer<br>Smaller reporting company<br>Emerging growth company,False
1636422,HCAT,"Health Catalyst, Inc.",7370,IT consulting & application services,Accelerated filer,False
1639225,,"Livongo Health, Inc.",7370,IT consulting & application services,<br>Emerging growth company,False
1640428,EVER,"EverQuote, Inc.",7370,IT consulting & application services,Accelerated filer,False
1642896,IOT,Samsara Inc.,7373,Systems integration,Large accelerated filer,False
1643542,,Exsular Financial Group Inc.,7374,Data processing & managed services,Non-accelerated filer<br>Smaller reporting company<br>Emerging growth company,False
1645070,,Sterling Check Corp.,7374,Data processing & managed services,<br>Emerging growth company,False
1650164,TOST,"Toast, Inc.",7374,Data processing & managed services,Large accelerated filer,False
1650575,BRQSF,"Borqs Technologies, Inc.",7373,Systems integration,Non-accelerated filer,False
1652044,GOOGL,Alphabet Inc.,7370,IT consulting & application services,Large accelerated filer,False
1653909,BIRD,"Smartbird, Inc.",7374,Data processing & managed services,<br>Emerging growth company,False
1653979,,JACC STUDIOS INC.,7371,IT consulting & application services,Non-accelerated filer<br>Smaller reporting company<br>Emerging growth company,False
1657249,,"Road Marshall, Inc.",7371,IT consulting & application services,Non-accelerated filer<br>Smaller reporting company,False
1657803,,Inbit Corp,7371,IT consulting & application services,Non-accelerated filer<br>Smaller reporting company,False
1658520,,"OS Support, Inc.",7371,IT consulting & application services,Non-accelerated filer<br>Smaller reporting company<br>Emerging growth company,False
1659183,,nDivision Inc.,7374,Data processing & managed services,<br>Emerging growth company,False
1660839,,Phoenix Apps Inc.,7371,IT consulting & application services,Non-accelerated filer<br>Smaller reporting company<br>Emerging growth company,False
1662574,,"Grom Social Enterprises, Inc.",7370,IT consulting & application services,Non-accelerated filer<br>Smaller reporting company,False
1664998,,"KnowBe4, Inc.",7370,IT consulting & application services,<br>Emerging growth company,False
1665300,PHUN,"Phunware, Inc.",7374,Data processing & managed services,Non-accelerated filer<br>Smaller reporting company,False
1666071,CDLX,"Cardlytics, Inc.",7370,IT consulting & application services,Accelerated filer<br>Smaller reporting company,False
1667489,,Liberated Syndication Inc.,7374,Data processing & managed services,<br>Emerging growth company,False
1668082,,BYLOG GROUP CORP.,7374,Data processing & managed services,Non-accelerated filer<br>Smaller reporting company,False
1671933,TTD,"Trade Desk, Inc.",7370,IT consulting & application services,Large accelerated filer,False
1673743,HNGE,"Hinge Health, Inc.",7374,Data processing & managed services,<br>Emerging growth company,False
1674227,WORX,SCWorx Corp.,7374,Data processing & managed services,Non-accelerated filer<br>Smaller reporting company,False
1674440,YYAI,AIRWA INC.,7370,IT consulting & application services,Non-accelerated filer<br>Smaller reporting company,False
1679379,,"NYIAX, INC.",7374,Data processing & managed services,Non-accelerated filer<br>Smaller reporting company<br>Emerging growth company,False
1681400,,"Celebiddy, Inc.",7370,IT consulting & application services,Non-accelerated filer<br>Smaller reporting company,False
1682325,,GTY Technology Holdings Inc.,7374,Data processing & managed services,Non-accelerated filer<br>Smaller reporting company,False
1683606,CARS,Cars.com Inc.,7374,Data processing & managed services,Large accelerated filer,False
1686515,,Ecco Auto World Corp,7371,IT consulting & application services,Non-accelerated filer<br>Smaller reporting company<br>Emerging growth company,False
1688126,CRCW,Crypto Co,7374,Data processing & managed services,Non-accelerated filer<br>Smaller reporting company,False
1688568,DXC,DXC Technology Co,7374,Data processing & managed services,Large accelerated filer,False
1688667,,Frankly Inc,7370,IT consulting & application services,Non-accelerated filer<br>Smaller reporting company<br>Emerging growth company,False
1691077,,"EVmo, Inc.",7374,Data processing & managed services,<br>Emerging growth company,False
1699683,,Longfin Corp,7374,Data processing & managed services,Smaller reporting company,False
1701963,VS,Versus Systems Inc.,7374,Data processing & managed services,<br>Emerging growth company,False
1703975,,"RISB Properties, Inc.",7370,IT consulting & application services,Non-accelerated filer<br>Smaller reporting company<br>Emerging growth company,False
1704760,,"American Virtual Cloud Technologies, Inc.",7373,Systems integration,Non-accelerated filer<br>Smaller reporting company,False
1708055,RBBN,Ribbon Communications Inc.,7373,Systems integration,Accelerated filer,False
1709542,XESP,"Electronic Servitor Publication Network, Inc.",7374,Data processing & managed services,Non-accelerated filer<br>Smaller reporting company,False
1709628,CSAI,"CLOUDASTRUCTURE, INC.",7370,IT consulting & application services,<br>Emerging growth company,False
1710583,,"Switch, Inc.",7370,IT consulting & application services,Large accelerated filer,False
1712041,,YAPPA WORLD INCOPORATED,7373,Systems integration,Smaller reporting company,False
1713445,RDDT,"Reddit, Inc.",7374,Data processing & managed services,Large accelerated filer,False
1713683,ZS,"Zscaler, Inc.",7371,IT consulting & application services,Large accelerated filer,False
1713809,,"Chengda Technology Co., Ltd.",7374,Data processing & managed services,Non-accelerated filer<br>Smaller reporting company<br>Emerging growth company,False
1715433,,Leader Capital Holdings Corp.,7371,IT consulting & application services,<br>Emerging growth company,False
1717115,TEM,"Tempus AI, Inc.",7370,IT consulting & application services,Large accelerated filer,False
1719489,,"Kaleyra, Inc.",7374,Data processing & managed services,Accelerated filer<br>Smaller reporting company,False
1719893,,MTech Acquisition Corp,7374,Data processing & managed services,Non-accelerated filer<br>Smaller reporting company<br>Emerging growth company,False
1720420,IBEX,IBEX Ltd,7374,Data processing & managed services,Accelerated filer,False
1720671,,"HashiCorp, Inc.",7371,IT consulting & application services,Large accelerated filer,False
1721056,HSCT,HOOPS SCOUTING USA,7374,Data processing & managed services,Non-accelerated filer<br>Smaller reporting company<br>Emerging growth company,False
1723648,,"LiveVox Holdings, Inc.",7374,Data processing & managed services,<br>Emerging growth company,False
1724670,,Perspecta Inc.,7374,Data processing & managed services,Large accelerated filer,False
1725579,,"Pluralsight, Inc.",7370,IT consulting & application services,Large accelerated filer,False
1729750,,"Kubient, Inc.",7373,Systems integration,<br>Emerging growth company,False
1730732,,3FORCES INC.,7370,IT consulting & application services,Non-accelerated filer<br>Smaller reporting company<br>Emerging growth company,False
1734750,MOVE,"Corvex, Inc.",7374,Data processing & managed services,<br>Emerging growth company,False
1735092,,"Gofba, Inc.",7374,Data processing & managed services,Non-accelerated filer<br>Smaller reporting company<br>Emerging growth company,False
1735858,,Far Point Acquisition Corp,7374,Data processing & managed services,<br>Emerging growth company,False
1737193,LDSN,Aphoenity International Holdings Inc.,7374,Data processing & managed services,Non-accelerated filer<br>Smaller reporting company,False
1737372,,"Sysorex, Inc.",7371,IT consulting & application services,Non-accelerated filer<br>Smaller reporting company<br>Emerging growth company,False
1738758,CHR,"Cheer Holding, Inc.",7374,Data processing & managed services,Non-accelerated filer,False
1739936,,MOMENTIVE GLOBAL INC.,7370,IT consulting & application services,Large accelerated filer,False
1740797,AVAI,"AVAI BIO, INC.",7374,Data processing & managed services,Non-accelerated filer<br>Smaller reporting company,False
1744895,,Churchill Capital Corp,7374,Data processing & managed services,Non-accelerated filer<br>Emerging growth company,False
1746278,,"GoLogiq, Inc.",7370,IT consulting & application services,Non-accelerated filer<br>Smaller reporting company<br>Emerging growth company,False
1748401,,"VIVI HOLDINGS, INC.",7374,Data processing & managed services,Non-accelerated filer<br>Emerging growth company,False
1751008,APP,AppLovin Corp,7370,IT consulting & application services,Large accelerated filer,False
1752474,,KLDiscovery Inc.,7370,IT consulting & application services,<br>Emerging growth company,False
1753391,QSJC,"TANCHENG GROUP CO., LTD.",7370,IT consulting & application services,Non-accelerated filer<br>Smaller reporting company,False
1753673,SJ,Scienjoy Holding Corp,7374,Data processing & managed services,Non-accelerated filer,False
1753931,,"Shengda Network Technology, Inc.",7371,IT consulting & application services,Non-accelerated filer<br>Smaller reporting company,False
1756497,,Change Healthcare Inc.,7374,Data processing & managed services,Large accelerated filer,False
1758699,TRSO,TRANSUITE.ORG INC.,7370,IT consulting & application services,<br>Emerging growth company,False
1758766,STEM,"STEM, INC.",7373,Systems integration,Non-accelerated filer<br>Smaller reporting company,False
1760717,,SciPlay Corp,7374,Data processing & managed services,<br>Emerging growth company,False
1764046,CLVT,CLARIVATE PLC,7374,Data processing & managed services,Large accelerated filer,False
1765048,GCGJ,GUOCHUN INTERNATIONAL INC.,7370,IT consulting & application services,Non-accelerated filer<br>Smaller reporting company,False
1768206,,Oxford Northeast Ltd.,7374,Data processing & managed services,Non-accelerated filer<br>Smaller reporting company<br>Emerging growth company,False
1774155,,BTRS Holdings Inc.,7371,IT consulting & application services,Large accelerated filer,False
1776903,,Netfin Acquisition Corp.,7374,Data processing & managed services,Non-accelerated filer<br>Smaller reporting company<br>Emerging growth company,False
1781629,ANKM,"Ankam, Inc.",7371,IT consulting & application services,Non-accelerated filer<br>Smaller reporting company<br>Emerging growth company,False
1784440,BHIC,"BioScience Health Innovations, Inc.",7374,Data processing & managed services,Non-accelerated filer<br>Smaller reporting company<br>Emerging growth company,False
1784970,NXTT,Next Technology Holding Inc.,7374,Data processing & managed services,<br>Emerging growth company,False
1794905,,"Cyxtera Technologies, Inc.",7370,IT consulting & application services,<br>Emerging growth company,False
1799332,,GAN Ltd,7370,IT consulting & application services,<br>Emerging growth company,False
1800227,PPLI,People Inc,7370,IT consulting & application services,Large accelerated filer,False
1800347,,"E2open Parent Holdings, Inc.",7374,Data processing & managed services,Large accelerated filer,False
1800392,MLGO,MicroAlgo Inc.,7371,IT consulting & application services,Non-accelerated filer<br>Emerging growth company,False
1801602,SBIG,"SBIG Holdings, Inc.",7371,IT consulting & application services,<br>Emerging growth company,False
1801661,FIRY,Firy Inc.,7374,Data processing & managed services,Non-accelerated filer<br>Smaller reporting company,False
1802450,MSPR,"MSP Recovery, Inc.",7374,Data processing & managed services,<br>Emerging growth company,False
1805833,SST,"System1, Inc.",7370,IT consulting & application services,Non-accelerated filer<br>Smaller reporting company,False
1809519,GDRX,"GoodRx Holdings, Inc.",7374,Data processing & managed services,Accelerated filer,False
1810019,RXT,"Rackspace Technology, Inc.",7370,IT consulting & application services,Accelerated filer<br>Smaller reporting company,False
1811999,FMHS,"FARMHOUSE, INC. /NV",7370,IT consulting & application services,Non-accelerated filer<br>Smaller reporting company,False
1815632,TGCB,"Tego Cyber, Inc.",7370,IT consulting & application services,<br>Emerging growth company,False
1819928,DV,"DoubleVerify Holdings, Inc.",7370,IT consulting & application services,Large accelerated filer,False
1820144,GRND,Grindr Inc.,7370,IT consulting & application services,Large accelerated filer,False
1823593,TSPH,TuSimple Holdings Inc.,7373,Systems integration,Large accelerated filer<br>Smaller reporting company,False
1824920,IONQ,"IonQ, Inc.",7373,Systems integration,Large accelerated filer,False
1825452,ONFO,"Onfolio Holdings, Inc",7374,Data processing & managed services,<br>Emerging growth company,False
1826671,,"Near Intelligence, Inc.",7374,Data processing & managed services,<br>Emerging growth company,False
1827980,,"Embark Technology, Inc.",7373,Systems integration,<br>Emerging growth company,False
1828016,PLTK,Playtika Holding Corp.,7374,Data processing & managed services,Accelerated filer,False
1828108,AUR,"Aurora Innovation, Inc.",7373,Systems integration,Large accelerated filer,False
1828791,DSP,Viant Technology Inc.,7370,IT consulting & application services,<br>Emerging growth company,False
1829280,,Forian Inc.,7374,Data processing & managed services,<br>Emerging growth company,False
1829864,TASK,"TaskUs, Inc.",7374,Data processing & managed services,Accelerated filer<br>Emerging growth company,False
1830043,BMBL,Bumble Inc.,7370,IT consulting & application services,Accelerated filer,False
1830081,RUM,RUM Group Inc.,7370,IT consulting & application services,<br>Emerging growth company,False
1833908,,"Alfi, Inc.",7370,IT consulting & application services,<br>Emerging growth company,False
1837014,SMRT,"SmartRent, Inc.",7373,Systems integration,Accelerated filer<br>Emerging growth company,False
1837686,,"Vimeo, Inc.",7370,IT consulting & application services,Large accelerated filer,False
1838163,BNAI,Brand Engagement Network Inc.,7373,Systems integration,<br>Emerging growth company,False
1838359,RGTI,"Rigetti Computing, Inc.",7371,IT consulting & application services,<br>Emerging growth company,False
1838672,,"AdTheorent Holding Company, Inc.",7370,IT consulting & application services,<br>Emerging growth company,False
1839285,HCTI,"Healthcare Triangle, Inc.",7373,Systems integration,<br>Emerging growth company,False
1840317,VEEA,VEEA INC.,7373,Systems integration,<br>Emerging growth company,False
1840502,TBLA,Taboola.com Ltd.,7370,IT consulting & application services,Accelerated filer,False
1841209,HOLO,MicroCloud Hologram Inc.,7370,IT consulting & application services,Non-accelerated filer<br>Emerging growth company,False
1842563,,"Go Go Buyers, Inc.",7370,IT consulting & application services,Non-accelerated filer<br>Smaller reporting company<br>Emerging growth company,False
1842718,,INTEGRAL AD SCIENCE HOLDING CORP.,7370,IT consulting & application services,Large accelerated filer,False
1846069,NXDR,"Nextdoor Holdings, Inc.",7370,IT consulting & application services,Accelerated filer,False
1848672,GDLG,Glidelogic Corp.,7371,IT consulting & application services,Non-accelerated filer<br>Smaller reporting company<br>Emerging growth company,False
1849635,DJT,Trump Media & Technology Group Corp.,7370,IT consulting & application services,Large accelerated filer,False
1853084,,Blue Safari Group Acquisition Corp,7374,Data processing & managed services,<br>Emerging growth company,False
1853138,KDK,"Kodiak AI, Inc.",7373,Systems integration,Accelerated filer<br>Emerging growth company,False
1853825,DTCX,"Datacentrex, Inc.",7374,Data processing & managed services,<br>Emerging growth company,False
1854445,BTLN,"Brightline Interactive, Inc./NV",7371,IT consulting & application services,Non-accelerated filer<br>Smaller reporting company,False
1855747,BLND,"Blend Labs, Inc.",7370,IT consulting & application services,<br>Emerging growth company,False
1859310,,Minority Equality Opportunities Acquisition Inc.,7374,Data processing & managed services,<br>Emerging growth company,False
1860173,,Privacy & Value Inc.,7371,IT consulting & application services,Non-accelerated filer<br>Smaller reporting company<br>Emerging growth company,False
1864448,,Wejo Group Ltd,7374,Data processing & managed services,<br>Emerging growth company,False
1866550,,"Thoughtworks Holding, Inc.",7371,IT consulting & application services,Large accelerated filer,False
1867072,KD,"Kyndryl Holdings, Inc.",7373,Systems integration,Large accelerated filer,False
1867443,,Canna-Global Acquisition Corp,7373,Systems integration,<br>Emerging growth company,False
1867956,,Linktory Inc.,7370,IT consulting & application services,Non-accelerated filer<br>Smaller reporting company<br>Emerging growth company,False
1868419,CYCU,"Cycurion, Inc.",7371,IT consulting & application services,<br>Emerging growth company,False
1873722,BBLR,Bubblr Inc.,7370,IT consulting & application services,<br>Emerging growth company,False
1874097,CYN,Cyngn Inc.,7371,IT consulting & application services,Non-accelerated filer<br>Smaller reporting company<br>Emerging growth company,False
1875493,,CSLM ACQUISITION CORP.,7373,Systems integration,<br>Emerging growth company,False
1879001,,Verses AI Inc.,7370,IT consulting & application services,<br>Emerging growth company,False
1880431,,Vocodia Holdings Corp,7371,IT consulting & application services,Non-accelerated filer<br>Smaller reporting company<br>Emerging growth company,False
1884164,KWIK,"KwikClick, Inc.",7374,Data processing & managed services,Non-accelerated filer<br>Smaller reporting company,False
1892322,HTCR,"HeartCore Enterprises, Inc.",7374,Data processing & managed services,<br>Emerging growth company,False
1895939,,TANICO Inc.,7371,IT consulting & application services,Non-accelerated filer<br>Smaller reporting company<br>Emerging growth company,False
1897982,,"Aspen Technology, Inc.",7371,IT consulting & application services,Large accelerated filer,False
1898474,,"Signing Day Sports, Inc.",7374,Data processing & managed services,<br>Emerging growth company,False
1907982,QBTS,D-Wave Quantum Inc.,7374,Data processing & managed services,Non-accelerated filer,False
1909770,,KHEOBA CORP.,7371,IT consulting & application services,Non-accelerated filer<br>Smaller reporting company<br>Emerging growth company,False
1911500,,CATTHIS HOLDINGS CORP,7374,Data processing & managed services,Non-accelerated filer<br>Smaller reporting company<br>Emerging growth company,False
1911545,GITS,"Global Interactive Technologies, Inc.",7370,IT consulting & application services,<br>Emerging growth company,False
1912954,,WidFit Inc.,7370,IT consulting & application services,Non-accelerated filer<br>Smaller reporting company<br>Emerging growth company,False
1933359,NTCS,Natics Corp.,7374,Data processing & managed services,Non-accelerated filer<br>Smaller reporting company<br>Emerging growth company,False
1940177,PODC,"PodcastOne, Inc.",7370,IT consulting & application services,<br>Emerging growth company,False
1973047,,MARKY CORP.,7370,IT consulting & application services,<br>Emerging growth company,False
1976923,YQAI,"YOUNEEQAI TECHNICAL SERVICES, INC.",7371,IT consulting & application services,,False
1977837,USDW,MADE IN USA INC.,7374,Data processing & managed services,Non-accelerated filer<br>Smaller reporting company<br>Emerging growth company,False
1983736,GOAI,Eva Live Inc,7370,IT consulting & application services,<br>Emerging growth company,False
1985554,LDXC,Londax Corp.,7371,IT consulting & application services,Non-accelerated filer<br>Smaller reporting company<br>Emerging growth company,False
1989788,GAFC,Guru App Factory Corp,7371,IT consulting & application services,Non-accelerated filer<br>Smaller reporting company<br>Emerging growth company,False
1990354,WAY,Waystar Holding Corp.,7373,Systems integration,Large accelerated filer,False
1994373,HNIT,Huineng Technology Corp,7374,Data processing & managed services,Non-accelerated filer<br>Smaller reporting company<br>Emerging growth company,False
1995920,ESMR,E-Smart Corp.,7371,IT consulting & application services,Non-accelerated filer<br>Smaller reporting company<br>Emerging growth company,False
1997698,,IGTA Merger Sub Ltd,7370,IT consulting & application services,Non-accelerated filer<br>Smaller reporting company<br>Emerging growth company,False
1999261,STWI,StageWise Strategies Corp.,7374,Data processing & managed services,Non-accelerated filer<br>Smaller reporting company<br>Emerging growth company,False
2000762,,GMTech Inc.,7371,IT consulting & application services,Non-accelerated filer<br>Smaller reporting company<br>Emerging growth company,False
2006291,,Churchill Capital Corp IX/Cayman,7373,Systems integration,<br>Emerging growth company,False
2007825,INFQ,"Infleqtion, Inc.",7374,Data processing & managed services,<br>Emerging growth company,False
2010653,FVN,Future Vision II Acquisition Corp.,7373,Systems integration,<br>Emerging growth company,False
2010982,PVIT,Palisades Venture Inc.,7374,Data processing & managed services,Non-accelerated filer<br>Smaller reporting company<br>Emerging growth company,False
2020919,DSFT,DeltaSoft Corp,7371,IT consulting & application services,Non-accelerated filer<br>Smaller reporting company<br>Emerging growth company,False
2026767,ALIS,Calisa Acquisition Corp,7374,Data processing & managed services,<br>Emerging growth company,False
2028707,MRLN,"Merlin, Inc.",7373,Systems integration,Non-accelerated filer<br>Smaller reporting company<br>Emerging growth company,False
2029303,THTG,Tech Tonic Group Corp.,7371,IT consulting & application services,Non-accelerated filer<br>Smaller reporting company<br>Emerging growth company,False
2033383,FUSE,Fusemachines Inc.,7373,Systems integration,<br>Emerging growth company,False
2033770,DAIC,"CID Holdco, Inc.",7373,Systems integration,Non-accelerated filer<br>Smaller reporting company<br>Emerging growth company,False
2038564,,Alphega Innovations Corp,7374,Data processing & managed services,<br>Emerging growth company,False
2053927,WTG,Wintergreen Acquisition Corp.,7370,IT consulting & application services,<br>Emerging growth company,False
2054696,NIQ,NIQ Global Intelligence plc,7370,IT consulting & application services,Non-accelerated filer,False
2057381,RADC,Readvantage Corp.,7374,Data processing & managed services,Non-accelerated filer<br>Smaller reporting company<br>Emerging growth company,False
2068385,SHAZ,SharonAI Holdings Inc.,7374,Data processing & managed services,<br>Emerging growth company,False
2069785,GLOO,"Gloo Holdings, Inc.",7374,Data processing & managed services,Non-accelerated filer<br>Smaller reporting company<br>Emerging growth company,False
2070845,SUNI,SUN,7373,Systems integration,Non-accelerated filer<br>Smaller reporting company<br>Emerging growth company,False
2076765,ELVX,Elventix Technology Corp,7374,Data processing & managed services,Non-accelerated filer<br>Smaller reporting company<br>Emerging growth company,False
2077033,MMTX,Miluna Acquisition Corp,7371,IT consulting & application services,Non-accelerated filer<br>Smaller reporting company<br>Emerging growth company,False
2088221,,Siltrium Tech Corp,7370,IT consulting & application services,Non-accelerated filer<br>Smaller reporting company<br>Emerging growth company,False
2088805,IPXG,Inflection Point Acquisition Corp. VII,7373,Systems integration,<br>Emerging growth company,False
