observation_date,DEXINUS
2017-01-01,66.8656
2017-04-01,64.4658
2017-07-01,64.2746
2017-10-01,64.7133
2018-01-01,64.3826
2018-04-01,66.9991
2018-07-01,70.1148
2018-10-01,72.1349
2019-01-01,70.4171
2019-04-01,69.5302
2019-07-01,70.3850
2019-10-01,71.2076
2020-01-01,72.5158
2020-04-01,75.8503
2020-07-01,74.3484
2020-10-01,73.7838
2021-01-01,72.9023
2021-04-01,73.7853
2021-07-01,74.0970
2021-10-01,74.9382
2022-01-01,75.2408
2022-04-01,77.1851
2022-07-01,79.7783
2022-10-01,82.1539
2023-01-01,82.1990
2023-04-01,82.1690
2023-07-01,82.6859
2023-10-01,83.2449
2024-01-01,83.0285
2024-04-01,83.4125
2024-07-01,83.7542
2024-10-01,84.4318
2025-01-01,86.6021
2025-04-01,85.5617
2025-07-01,87.3356
2025-10-01,89.0982
2026-01-01,91.5446
2026-04-01,94.6254
2026-07-01,95.5928
