nse_symbol,firm_name,segment
TCS,Tata Consultancy Services Ltd,IT consulting & application services
INFY,Infosys Ltd,IT consulting & application services
HCLTECH,HCL Technologies Ltd,IT consulting & application services
WIPRO,Wipro Ltd,IT consulting & application services
TECHM,Tech Mahindra Ltd,IT consulting & application services
LTM,LTIMindtree Ltd (LTM Ltd),IT consulting & application services
MPHASIS,Mphasis Ltd,IT consulting & application services
COFORGE,Coforge Ltd,IT consulting & application services
PERSISTENT,Persistent Systems Ltd,IT consulting & application services
BSOFT,Birlasoft Ltd,IT consulting & application services
ZENSARTECH,Zensar Technologies Ltd,IT consulting & application services
MASTEK,Mastek Ltd,IT consulting & application services
SONATSOFTW,Sonata Software Ltd,Systems integration
CYIENT,Cyient Ltd,Engineering & R&D services
LTTS,L&T Technology Services Ltd,Engineering & R&D services
